-9.779381404380160792e-01,1.000000000000000000e+00,2.000000000000000000e+00
-1.688358327475288911e-01,1.000000000000000000e+00,4.000000000000000000e+00
-5.550983690188202591e-01,5.000000000000000000e+00,4.000000000000000000e+00
6.511218864818795193e-01,5.000000000000000000e+00,2.000000000000000000e+00
7.345447842272209704e-02,5.000000000000000000e+00,4.000000000000000000e+00
-1.801302846340323782e+00,1.000000000000000000e+00,4.000000000000000000e+00
-1.104357516103042780e+00,5.000000000000000000e+00,2.000000000000000000e+00
9.343801312384341085e-01,5.000000000000000000e+00,2.000000000000000000e+00
-3.155118524769610633e-01,5.000000000000000000e+00,4.000000000000000000e+00
-1.707814304266273453e+00,5.000000000000000000e+00,2.000000000000000000e+00
-3.400212909572986608e-01,1.000000000000000000e+00,2.000000000000000000e+00
-6.502111923088411682e-01,1.000000000000000000e+00,4.000000000000000000e+00
-2.258950663267480785e-01,1.000000000000000000e+00,2.000000000000000000e+00
-1.161764170345922720e+00,5.000000000000000000e+00,4.000000000000000000e+00
-1.879092513693031208e+00,1.000000000000000000e+00,2.000000000000000000e+00
6.288664607964563613e-01,5.000000000000000000e+00,4.000000000000000000e+00
1.578717086724302776e-01,1.000000000000000000e+00,2.000000000000000000e+00
-1.464779890146524322e+00,5.000000000000000000e+00,4.000000000000000000e+00
-2.251209005540980856e-01,1.000000000000000000e+00,2.000000000000000000e+00
2.124881632972939638e+00,5.000000000000000000e+00,2.000000000000000000e+00
5.014579748483261740e-02,1.000000000000000000e+00,4.000000000000000000e+00
-2.432762554472341909e-01,5.000000000000000000e+00,2.000000000000000000e+00
-1.878450958485778644e-01,1.000000000000000000e+00,2.000000000000000000e+00
-6.838225180906348788e-01,1.000000000000000000e+00,2.000000000000000000e+00
4.147082217162426088e-01,5.000000000000000000e+00,4.000000000000000000e+00
-1.617300996966082316e-01,5.000000000000000000e+00,4.000000000000000000e+00
1.416003554924324670e-01,1.000000000000000000e+00,4.000000000000000000e+00
-6.189846092054154258e-01,1.000000000000000000e+00,4.000000000000000000e+00
-4.535965595547636897e-01,5.000000000000000000e+00,2.000000000000000000e+00
-2.929881470826671205e-02,1.000000000000000000e+00,2.000000000000000000e+00
-4.811848910214955310e-01,1.000000000000000000e+00,4.000000000000000000e+00
7.821759839735417108e-01,5.000000000000000000e+00,4.000000000000000000e+00
-2.606332153923452410e-01,1.000000000000000000e+00,2.000000000000000000e+00
-2.278245147633208845e-01,5.000000000000000000e+00,2.000000000000000000e+00
1.553061768339947524e-01,1.000000000000000000e+00,2.000000000000000000e+00
-1.345667246091487801e+00,5.000000000000000000e+00,2.000000000000000000e+00
-1.228500763381856764e+00,1.000000000000000000e+00,2.000000000000000000e+00
8.986695334900071108e-01,1.000000000000000000e+00,4.000000000000000000e+00
1.365951663203132105e-01,5.000000000000000000e+00,4.000000000000000000e+00
6.224200533401296198e-01,5.000000000000000000e+00,2.000000000000000000e+00
-1.261963610697033888e-01,5.000000000000000000e+00,2.000000000000000000e+00
-4.797314534300343714e-01,1.000000000000000000e+00,4.000000000000000000e+00
-1.920540386971390179e+00,1.000000000000000000e+00,2.000000000000000000e+00
-2.516603338685438063e-01,5.000000000000000000e+00,4.000000000000000000e+00
1.474993196645846050e+00,1.000000000000000000e+00,2.000000000000000000e+00
-5.763851185460872051e-01,1.000000000000000000e+00,4.000000000000000000e+00
-1.418001581036993475e+00,5.000000000000000000e+00,2.000000000000000000e+00
-8.124248642763277628e-01,1.000000000000000000e+00,2.000000000000000000e+00
-8.706642882037665676e-02,1.000000000000000000e+00,2.000000000000000000e+00
2.914018043395737445e-01,1.000000000000000000e+00,2.000000000000000000e+00
5.243701124952940829e-01,5.000000000000000000e+00,2.000000000000000000e+00
9.471284235671463270e-01,5.000000000000000000e+00,2.000000000000000000e+00
-1.388842773477777959e+00,1.000000000000000000e+00,4.000000000000000000e+00
-9.741873360487608435e-01,1.000000000000000000e+00,4.000000000000000000e+00
-1.833017150835360987e+00,5.000000000000000000e+00,2.000000000000000000e+00
1.414269452152713269e-01,5.000000000000000000e+00,4.000000000000000000e+00
-1.532132177755621383e+00,1.000000000000000000e+00,4.000000000000000000e+00
-4.958287516380240345e-01,1.000000000000000000e+00,4.000000000000000000e+00
-8.577530974447750145e-01,1.000000000000000000e+00,2.000000000000000000e+00
-1.940816423286126011e-02,1.000000000000000000e+00,4.000000000000000000e+00
1.771261416438710823e+00,1.000000000000000000e+00,4.000000000000000000e+00
-8.269288823393311505e-02,5.000000000000000000e+00,4.000000000000000000e+00
1.239106108475057644e+00,5.000000000000000000e+00,2.000000000000000000e+00
-5.618110387930616012e-01,5.000000000000000000e+00,2.000000000000000000e+00
-1.459830683985844590e+00,1.000000000000000000e+00,4.000000000000000000e+00
2.060213623458008181e-01,5.000000000000000000e+00,4.000000000000000000e+00
-2.658953049492962517e-02,1.000000000000000000e+00,2.000000000000000000e+00
-8.719138559160268809e-01,1.000000000000000000e+00,2.000000000000000000e+00
-4.294000746109578603e-01,1.000000000000000000e+00,2.000000000000000000e+00
-6.017768339675531042e-01,1.000000000000000000e+00,4.000000000000000000e+00
-7.313279205924656801e-02,1.000000000000000000e+00,4.000000000000000000e+00
-4.036256509756269706e-02,5.000000000000000000e+00,4.000000000000000000e+00
-2.380323826665834197e+00,5.000000000000000000e+00,4.000000000000000000e+00
3.592449822353027122e-01,1.000000000000000000e+00,4.000000000000000000e+00
5.599122791035114899e-01,1.000000000000000000e+00,4.000000000000000000e+00
9.933975635872998033e-01,5.000000000000000000e+00,4.000000000000000000e+00
4.017277289601534074e-01,5.000000000000000000e+00,4.000000000000000000e+00
5.271616948881443498e-01,1.000000000000000000e+00,2.000000000000000000e+00
1.854010021492465687e-01,5.000000000000000000e+00,4.000000000000000000e+00
6.780722333153720305e-01,1.000000000000000000e+00,4.000000000000000000e+00
-2.362999769322704946e+00,5.000000000000000000e+00,4.000000000000000000e+00
7.175003135807569432e-01,1.000000000000000000e+00,4.000000000000000000e+00
9.359220084920117921e-01,1.000000000000000000e+00,4.000000000000000000e+00
-9.518293209229589102e-01,1.000000000000000000e+00,4.000000000000000000e+00
-8.260006564023084641e-01,1.000000000000000000e+00,2.000000000000000000e+00
-1.592507940445032633e+00,1.000000000000000000e+00,4.000000000000000000e+00
1.033209727446647436e-01,5.000000000000000000e+00,4.000000000000000000e+00
-4.290180162211686410e-01,1.000000000000000000e+00,2.000000000000000000e+00
-5.100498489787291811e-01,5.000000000000000000e+00,4.000000000000000000e+00
1.473982144977503905e+00,1.000000000000000000e+00,2.000000000000000000e+00
-4.531458494957421590e-01,5.000000000000000000e+00,4.000000000000000000e+00
3.854421163378061316e-03,1.000000000000000000e+00,4.000000000000000000e+00
1.466760668409624158e+00,1.000000000000000000e+00,4.000000000000000000e+00
4.436899606422760600e-01,5.000000000000000000e+00,2.000000000000000000e+00
5.466039505017816769e-01,5.000000000000000000e+00,4.000000000000000000e+00
-1.688219361215151093e-01,1.000000000000000000e+00,4.000000000000000000e+00
-1.445177252103318766e-01,1.000000000000000000e+00,4.000000000000000000e+00
-8.681994296965040991e-01,5.000000000000000000e+00,2.000000000000000000e+00
9.553957987582483158e-01,5.000000000000000000e+00,2.000000000000000000e+00
7.663473507002213081e-01,5.000000000000000000e+00,2.000000000000000000e+00
2.141618505410859130e-01,5.000000000000000000e+00,4.000000000000000000e+00
1.110883062883604389e+00,5.000000000000000000e+00,4.000000000000000000e+00
-4.594701588881879850e-01,5.000000000000000000e+00,2.000000000000000000e+00
1.199323190623351021e+00,5.000000000000000000e+00,4.000000000000000000e+00
6.837886450867562693e-02,5.000000000000000000e+00,4.000000000000000000e+00
-9.279870983598916823e-01,5.000000000000000000e+00,4.000000000000000000e+00
5.921733148729230178e-01,5.000000000000000000e+00,2.000000000000000000e+00
1.069411477898188911e+00,1.000000000000000000e+00,4.000000000000000000e+00
-1.210891579098035020e+00,1.000000000000000000e+00,2.000000000000000000e+00
-8.021199476351390523e-01,5.000000000000000000e+00,4.000000000000000000e+00
-1.970692119463254288e-01,1.000000000000000000e+00,4.000000000000000000e+00
-3.165734023807263015e-02,1.000000000000000000e+00,4.000000000000000000e+00
1.668494082418906954e+00,5.000000000000000000e+00,2.000000000000000000e+00
-1.698262632673873673e-01,1.000000000000000000e+00,2.000000000000000000e+00
-1.437116910789465685e+00,5.000000000000000000e+00,2.000000000000000000e+00
1.060173054068865861e+00,1.000000000000000000e+00,2.000000000000000000e+00
-1.189639245569344306e+00,5.000000000000000000e+00,4.000000000000000000e+00
3.748186266381795528e-01,1.000000000000000000e+00,2.000000000000000000e+00
2.430616098741959774e-01,1.000000000000000000e+00,4.000000000000000000e+00
-7.764373791946086456e-01,1.000000000000000000e+00,2.000000000000000000e+00
8.860419509016200790e-01,1.000000000000000000e+00,4.000000000000000000e+00
-1.928325201437117054e+00,1.000000000000000000e+00,2.000000000000000000e+00
8.170518399707972224e-01,1.000000000000000000e+00,4.000000000000000000e+00
4.190511465636458793e-02,1.000000000000000000e+00,4.000000000000000000e+00
-7.724886034850765582e-02,5.000000000000000000e+00,4.000000000000000000e+00
5.810714880730941979e-03,1.000000000000000000e+00,4.000000000000000000e+00
1.811794254461172704e+00,1.000000000000000000e+00,4.000000000000000000e+00
7.301582500767257455e-01,1.000000000000000000e+00,2.000000000000000000e+00
6.449592283190974662e-01,1.000000000000000000e+00,4.000000000000000000e+00
3.588694438053583458e-01,5.000000000000000000e+00,2.000000000000000000e+00
3.729937976371008324e-01,1.000000000000000000e+00,4.000000000000000000e+00
3.295991202925533381e-01,5.000000000000000000e+00,2.000000000000000000e+00
-1.561816638576744465e+00,1.000000000000000000e+00,2.000000000000000000e+00
1.418849891523270845e-01,1.000000000000000000e+00,2.000000000000000000e+00
3.539906279465974137e-01,5.000000000000000000e+00,4.000000000000000000e+00
-7.143270682280168371e-01,1.000000000000000000e+00,4.000000000000000000e+00
-7.827010249528453256e-01,1.000000000000000000e+00,4.000000000000000000e+00
-2.753708062047763860e+00,1.000000000000000000e+00,4.000000000000000000e+00
-3.393814578973212703e-01,1.000000000000000000e+00,2.000000000000000000e+00
9.686715214434573618e-01,1.000000000000000000e+00,2.000000000000000000e+00
4.752764242403605954e-01,1.000000000000000000e+00,4.000000000000000000e+00
-4.202330666017779492e-01,5.000000000000000000e+00,4.000000000000000000e+00
1.004729491565546251e+00,1.000000000000000000e+00,2.000000000000000000e+00
-1.736513281899529360e-01,5.000000000000000000e+00,2.000000000000000000e+00
1.950731806383583899e+00,1.000000000000000000e+00,4.000000000000000000e+00
-8.608926847755818956e-01,5.000000000000000000e+00,4.000000000000000000e+00
-1.647546293031174836e+00,5.000000000000000000e+00,4.000000000000000000e+00
5.649627415734810310e-01,5.000000000000000000e+00,4.000000000000000000e+00
-1.752758135040131116e+00,1.000000000000000000e+00,4.000000000000000000e+00
1.209954283540058961e+00,1.000000000000000000e+00,2.000000000000000000e+00
1.264640475242041262e+00,5.000000000000000000e+00,2.000000000000000000e+00
1.249980350704047893e+00,5.000000000000000000e+00,4.000000000000000000e+00
9.885888583539901298e-01,1.000000000000000000e+00,4.000000000000000000e+00
8.078016862382164653e-02,1.000000000000000000e+00,2.000000000000000000e+00
-5.398973781670409755e-01,1.000000000000000000e+00,2.000000000000000000e+00
-5.095647850026867598e-01,1.000000000000000000e+00,4.000000000000000000e+00
1.318043892111117332e-01,1.000000000000000000e+00,2.000000000000000000e+00
8.183644573084844498e-02,1.000000000000000000e+00,4.000000000000000000e+00
-2.249838748482636319e+00,5.000000000000000000e+00,2.000000000000000000e+00
1.428261795332185891e+00,1.000000000000000000e+00,4.000000000000000000e+00
2.314092462892722857e+00,5.000000000000000000e+00,4.000000000000000000e+00
9.827344683508715262e-01,5.000000000000000000e+00,4.000000000000000000e+00
-1.034327468619915119e-01,5.000000000000000000e+00,2.000000000000000000e+00
3.637481267006739127e-01,1.000000000000000000e+00,2.000000000000000000e+00
-1.565832006443387936e+00,1.000000000000000000e+00,4.000000000000000000e+00
-9.289091161903607896e-02,1.000000000000000000e+00,2.000000000000000000e+00
1.039107657822137126e-01,1.000000000000000000e+00,2.000000000000000000e+00
1.596198992462568356e+00,5.000000000000000000e+00,2.000000000000000000e+00
1.720247954271932000e+00,1.000000000000000000e+00,2.000000000000000000e+00
2.149582700661383683e+00,5.000000000000000000e+00,4.000000000000000000e+00
-1.835138970689540683e+00,5.000000000000000000e+00,4.000000000000000000e+00
1.326316160490793594e+00,5.000000000000000000e+00,2.000000000000000000e+00
-4.981421625845652290e-01,1.000000000000000000e+00,4.000000000000000000e+00
-9.656448213149577686e-01,1.000000000000000000e+00,4.000000000000000000e+00
-1.744658277336230912e+00,1.000000000000000000e+00,2.000000000000000000e+00
2.739295765271347882e-01,1.000000000000000000e+00,2.000000000000000000e+00
-1.091946170524164872e+00,5.000000000000000000e+00,4.000000000000000000e+00
-9.778763988431281584e-01,5.000000000000000000e+00,4.000000000000000000e+00
-2.164292635657037445e-01,1.000000000000000000e+00,4.000000000000000000e+00
-1.693872101909904282e-01,5.000000000000000000e+00,2.000000000000000000e+00
-3.654782991751328591e-01,5.000000000000000000e+00,4.000000000000000000e+00
9.114183450175452617e-01,5.000000000000000000e+00,4.000000000000000000e+00
-1.051945930801699847e+00,1.000000000000000000e+00,4.000000000000000000e+00
-2.361391201398714002e-01,1.000000000000000000e+00,4.000000000000000000e+00
-1.260988251371176760e+00,5.000000000000000000e+00,4.000000000000000000e+00
1.535523682222542208e+00,5.000000000000000000e+00,4.000000000000000000e+00
6.289324301266089323e-01,1.000000000000000000e+00,2.000000000000000000e+00
1.253015023471603928e-01,5.000000000000000000e+00,4.000000000000000000e+00
6.274216958775443720e-01,1.000000000000000000e+00,2.000000000000000000e+00
1.456614096901638566e+00,1.000000000000000000e+00,4.000000000000000000e+00
-1.466835763873541643e+00,1.000000000000000000e+00,4.000000000000000000e+00
-4.376236343895515413e-01,5.000000000000000000e+00,2.000000000000000000e+00
-5.507830844745525978e-01,5.000000000000000000e+00,2.000000000000000000e+00
1.874035513748652793e-01,1.000000000000000000e+00,4.000000000000000000e+00
3.050808774597031300e-02,1.000000000000000000e+00,2.000000000000000000e+00
2.383035774129225626e+00,5.000000000000000000e+00,4.000000000000000000e+00
5.931401870535732979e-01,5.000000000000000000e+00,2.000000000000000000e+00
1.716999213593445983e+00,1.000000000000000000e+00,2.000000000000000000e+00
-2.176023248567212409e+00,1.000000000000000000e+00,2.000000000000000000e+00
-1.914847081902339987e+00,1.000000000000000000e+00,4.000000000000000000e+00
-2.776549710189185061e-01,5.000000000000000000e+00,2.000000000000000000e+00
-1.879330202117591053e+00,5.000000000000000000e+00,2.000000000000000000e+00
-7.237406784695722406e-01,1.000000000000000000e+00,2.000000000000000000e+00
-1.019976308106491869e+00,5.000000000000000000e+00,2.000000000000000000e+00
1.395648944067092057e+00,5.000000000000000000e+00,4.000000000000000000e+00
-6.043655713142243036e-01,5.000000000000000000e+00,2.000000000000000000e+00
-5.962307454269982071e-02,5.000000000000000000e+00,2.000000000000000000e+00
-1.807774005371385606e-01,5.000000000000000000e+00,2.000000000000000000e+00
-5.316644758910283458e-02,1.000000000000000000e+00,4.000000000000000000e+00
1.485741478610018929e+00,1.000000000000000000e+00,4.000000000000000000e+00
-5.151388788350501624e-01,1.000000000000000000e+00,2.000000000000000000e+00
-6.653902843043714155e-01,5.000000000000000000e+00,4.000000000000000000e+00
2.831240418743879439e-01,5.000000000000000000e+00,2.000000000000000000e+00
9.896945939444093954e-01,5.000000000000000000e+00,4.000000000000000000e+00
-6.596638250916416757e-01,5.000000000000000000e+00,4.000000000000000000e+00
3.465957638535764884e-01,5.000000000000000000e+00,4.000000000000000000e+00
9.161861749447509640e-01,1.000000000000000000e+00,2.000000000000000000e+00
-6.401984308621992970e-01,1.000000000000000000e+00,2.000000000000000000e+00
8.584753969663239115e-01,5.000000000000000000e+00,4.000000000000000000e+00
5.020717672180172730e-01,5.000000000000000000e+00,2.000000000000000000e+00
-3.926844691830461143e-01,1.000000000000000000e+00,2.000000000000000000e+00
-4.796261244108880883e-01,1.000000000000000000e+00,4.000000000000000000e+00
1.395119940707075568e+00,5.000000000000000000e+00,4.000000000000000000e+00
-7.488796345749771932e-01,1.000000000000000000e+00,4.000000000000000000e+00
-8.326598515629628494e-01,5.000000000000000000e+00,4.000000000000000000e+00
2.502106120880391235e-02,5.000000000000000000e+00,2.000000000000000000e+00
-5.817687946239065155e-01,5.000000000000000000e+00,2.000000000000000000e+00
1.314582238719410601e+00,1.000000000000000000e+00,2.000000000000000000e+00
-8.989757555344083384e-01,5.000000000000000000e+00,4.000000000000000000e+00
-4.352581653255236938e-01,5.000000000000000000e+00,2.000000000000000000e+00
-1.141187682123751435e+00,1.000000000000000000e+00,2.000000000000000000e+00
1.211972046988693430e+00,5.000000000000000000e+00,2.000000000000000000e+00
-3.463549860761502286e-01,1.000000000000000000e+00,2.000000000000000000e+00
-6.411070125128954800e-01,5.000000000000000000e+00,4.000000000000000000e+00
6.529139734940142548e-01,5.000000000000000000e+00,2.000000000000000000e+00
6.696537108274447370e-01,1.000000000000000000e+00,2.000000000000000000e+00
-2.819705932327580822e-01,5.000000000000000000e+00,4.000000000000000000e+00
-1.081739336421558173e+00,5.000000000000000000e+00,4.000000000000000000e+00
-4.319477744484657711e-01,1.000000000000000000e+00,4.000000000000000000e+00
9.091376185665334120e-01,1.000000000000000000e+00,4.000000000000000000e+00
1.910790605086745697e-01,1.000000000000000000e+00,4.000000000000000000e+00
-1.497998587902370227e-01,1.000000000000000000e+00,4.000000000000000000e+00
-9.626957197436867286e-01,5.000000000000000000e+00,2.000000000000000000e+00
-7.855836991348350562e-01,5.000000000000000000e+00,2.000000000000000000e+00
1.020624252303374169e+00,5.000000000000000000e+00,2.000000000000000000e+00
1.539055475982390453e-01,5.000000000000000000e+00,2.000000000000000000e+00
-3.983201313380814734e-01,1.000000000000000000e+00,2.000000000000000000e+00
3.370492510041247503e-01,5.000000000000000000e+00,2.000000000000000000e+00
3.347917189263076576e-01,1.000000000000000000e+00,2.000000000000000000e+00
-6.896034895558098565e-01,5.000000000000000000e+00,2.000000000000000000e+00
-5.312079086662299110e-01,1.000000000000000000e+00,4.000000000000000000e+00
9.944439425817206413e-01,1.000000000000000000e+00,2.000000000000000000e+00
1.228429236743330266e+00,5.000000000000000000e+00,4.000000000000000000e+00
-2.972611459862500860e-01,5.000000000000000000e+00,4.000000000000000000e+00
-6.381025755017515344e-01,1.000000000000000000e+00,2.000000000000000000e+00
-1.388762083440564066e+00,5.000000000000000000e+00,4.000000000000000000e+00
1.489827606682121663e+00,5.000000000000000000e+00,2.000000000000000000e+00
-6.009752731328869002e-01,1.000000000000000000e+00,2.000000000000000000e+00
7.816975898756072239e-01,5.000000000000000000e+00,2.000000000000000000e+00
-5.777706979710910407e-01,5.000000000000000000e+00,4.000000000000000000e+00
7.064776769045322258e-02,5.000000000000000000e+00,2.000000000000000000e+00
-9.300355862344436009e-01,1.000000000000000000e+00,4.000000000000000000e+00
-2.187344258176969480e-01,5.000000000000000000e+00,2.000000000000000000e+00
2.734763763228396094e-01,1.000000000000000000e+00,2.000000000000000000e+00
-1.952880824995988918e-01,1.000000000000000000e+00,4.000000000000000000e+00
-7.996611759681025999e-01,1.000000000000000000e+00,2.000000000000000000e+00
1.151852503665603544e+00,1.000000000000000000e+00,2.000000000000000000e+00
-2.317220276818119928e-01,1.000000000000000000e+00,4.000000000000000000e+00
-1.077774513850175975e+00,5.000000000000000000e+00,2.000000000000000000e+00
2.882753638408749319e-01,1.000000000000000000e+00,4.000000000000000000e+00
2.825994715700577697e-01,1.000000000000000000e+00,2.000000000000000000e+00
9.928825755710767309e-01,5.000000000000000000e+00,4.000000000000000000e+00
1.299417995772450096e+00,1.000000000000000000e+00,2.000000000000000000e+00
8.332480280801357608e-02,5.000000000000000000e+00,2.000000000000000000e+00
-4.651910186717090889e-01,5.000000000000000000e+00,2.000000000000000000e+00
-4.364209656848441754e-01,5.000000000000000000e+00,2.000000000000000000e+00
1.535886612498104320e+00,1.000000000000000000e+00,4.000000000000000000e+00
3.625098930230456484e-01,1.000000000000000000e+00,4.000000000000000000e+00
-1.554024739195954963e+00,1.000000000000000000e+00,2.000000000000000000e+00
-3.284911847676335456e-02,5.000000000000000000e+00,4.000000000000000000e+00
1.792126273620903432e-01,1.000000000000000000e+00,2.000000000000000000e+00
-1.403797536324346673e+00,5.000000000000000000e+00,4.000000000000000000e+00
-1.061701697749374063e+00,5.000000000000000000e+00,2.000000000000000000e+00
2.324294295196078219e-01,1.000000000000000000e+00,4.000000000000000000e+00
-1.341777777174935293e+00,5.000000000000000000e+00,2.000000000000000000e+00
-2.592605650754760127e-01,1.000000000000000000e+00,2.000000000000000000e+00
-5.277895677207182779e-01,5.000000000000000000e+00,2.000000000000000000e+00
7.541411296922327923e-01,1.000000000000000000e+00,4.000000000000000000e+00
7.510323641678098294e-01,5.000000000000000000e+00,2.000000000000000000e+00
1.499371308793643554e+00,5.000000000000000000e+00,4.000000000000000000e+00
-9.725047188597335523e-01,1.000000000000000000e+00,2.000000000000000000e+00
-5.528491748728385780e-01,5.000000000000000000e+00,4.000000000000000000e+00
1.457641059284302820e-01,1.000000000000000000e+00,4.000000000000000000e+00
8.385516885707295920e-01,1.000000000000000000e+00,2.000000000000000000e+00
-2.902481875324057548e+00,1.000000000000000000e+00,2.000000000000000000e+00
3.504165607466004917e-01,5.000000000000000000e+00,2.000000000000000000e+00
1.418983422159786567e+00,1.000000000000000000e+00,2.000000000000000000e+00
4.895784778703877183e-01,5.000000000000000000e+00,4.000000000000000000e+00
1.926916674455700695e+00,1.000000000000000000e+00,2.000000000000000000e+00
-9.202267532224406299e-01,5.000000000000000000e+00,4.000000000000000000e+00
1.115635340751964799e+00,1.000000000000000000e+00,4.000000000000000000e+00
2.562540172757570733e+00,5.000000000000000000e+00,2.000000000000000000e+00
3.089724257087662629e-01,5.000000000000000000e+00,4.000000000000000000e+00
-1.259290463754941802e+00,5.000000000000000000e+00,4.000000000000000000e+00
5.199024647694312495e-01,5.000000000000000000e+00,2.000000000000000000e+00
4.572439584835166215e-01,5.000000000000000000e+00,2.000000000000000000e+00
-1.325963355543424260e+00,5.000000000000000000e+00,2.000000000000000000e+00
4.173840978943825775e-01,5.000000000000000000e+00,4.000000000000000000e+00
4.202743411596382983e-01,1.000000000000000000e+00,4.000000000000000000e+00
-1.610625733683537453e+00,5.000000000000000000e+00,4.000000000000000000e+00
-2.095000644030888259e-01,5.000000000000000000e+00,2.000000000000000000e+00
1.058005469004982491e+00,5.000000000000000000e+00,2.000000000000000000e+00
-1.682634678335414691e+00,1.000000000000000000e+00,2.000000000000000000e+00
-2.091131348397796408e-01,1.000000000000000000e+00,2.000000000000000000e+00
5.192663550608754841e-01,5.000000000000000000e+00,2.000000000000000000e+00
-2.304947024631184060e+00,1.000000000000000000e+00,2.000000000000000000e+00
-1.893439072642560506e+00,5.000000000000000000e+00,2.000000000000000000e+00
-8.482243050878772728e-01,1.000000000000000000e+00,2.000000000000000000e+00
-3.024159753036251841e-01,5.000000000000000000e+00,2.000000000000000000e+00
8.731935404889952235e-01,1.000000000000000000e+00,2.000000000000000000e+00
1.136399773401125746e+00,1.000000000000000000e+00,4.000000000000000000e+00
1.117112153759679316e+00,1.000000000000000000e+00,2.000000000000000000e+00
-9.577945544833418312e-01,5.000000000000000000e+00,4.000000000000000000e+00
-5.876563727554482419e-01,5.000000000000000000e+00,4.000000000000000000e+00
6.354300245752514398e-01,1.000000000000000000e+00,4.000000000000000000e+00
-5.006384497794299504e-01,5.000000000000000000e+00,2.000000000000000000e+00
-5.595197596784518002e-01,1.000000000000000000e+00,2.000000000000000000e+00
1.274491817893751433e+00,5.000000000000000000e+00,2.000000000000000000e+00
-7.942616556812580608e-01,1.000000000000000000e+00,2.000000000000000000e+00
-8.937757275505575638e-01,1.000000000000000000e+00,2.000000000000000000e+00
-1.533565737138388174e+00,5.000000000000000000e+00,4.000000000000000000e+00
6.698846994563109059e-01,1.000000000000000000e+00,2.000000000000000000e+00
6.140879364959392905e-01,5.000000000000000000e+00,4.000000000000000000e+00
1.196278954591250443e+00,1.000000000000000000e+00,4.000000000000000000e+00
8.357338756287379100e-01,1.000000000000000000e+00,4.000000000000000000e+00
-1.316080336570059739e+00,1.000000000000000000e+00,2.000000000000000000e+00
-8.885223398112216397e-01,1.000000000000000000e+00,4.000000000000000000e+00
7.837889963524647952e-01,5.000000000000000000e+00,4.000000000000000000e+00
-3.454554990823149319e-01,5.000000000000000000e+00,4.000000000000000000e+00
1.091575748753103259e+00,1.000000000000000000e+00,2.000000000000000000e+00
3.131825483216081341e-01,5.000000000000000000e+00,4.000000000000000000e+00
8.166698088865810279e-01,5.000000000000000000e+00,2.000000000000000000e+00
-1.643256869249810848e+00,5.000000000000000000e+00,4.000000000000000000e+00
3.180743073041888969e-01,1.000000000000000000e+00,4.000000000000000000e+00
9.147464523058688179e-01,1.000000000000000000e+00,4.000000000000000000e+00
7.994223523245638230e-01,1.000000000000000000e+00,4.000000000000000000e+00
1.046020926428471581e-01,5.000000000000000000e+00,2.000000000000000000e+00
1.608873400680826404e-01,1.000000000000000000e+00,4.000000000000000000e+00
-7.230748509970865712e-01,5.000000000000000000e+00,2.000000000000000000e+00
-3.902486452410799944e-01,5.000000000000000000e+00,4.000000000000000000e+00
7.616408577188151785e-01,5.000000000000000000e+00,4.000000000000000000e+00
1.685565728621697623e+00,1.000000000000000000e+00,4.000000000000000000e+00
-6.655530418723550889e-01,5.000000000000000000e+00,2.000000000000000000e+00
-2.804632856889787210e-02,5.000000000000000000e+00,2.000000000000000000e+00
1.452985866002029780e-01,1.000000000000000000e+00,4.000000000000000000e+00
-3.281233317533132632e-01,5.000000000000000000e+00,2.000000000000000000e+00
-6.312497186742801469e-01,5.000000000000000000e+00,2.000000000000000000e+00
-5.040951246676157460e-01,5.000000000000000000e+00,2.000000000000000000e+00
-1.988011390698739111e+00,1.000000000000000000e+00,2.000000000000000000e+00
1.083402115096614438e+00,5.000000000000000000e+00,2.000000000000000000e+00
-2.414960154664960029e-02,1.000000000000000000e+00,4.000000000000000000e+00
-1.350067941921290482e-01,5.000000000000000000e+00,2.000000000000000000e+00
1.097981671004926607e+00,5.000000000000000000e+00,2.000000000000000000e+00
3.016258809204298563e-01,1.000000000000000000e+00,4.000000000000000000e+00
-7.941237516429440202e-01,1.000000000000000000e+00,4.000000000000000000e+00
-1.744274415350769214e+00,1.000000000000000000e+00,4.000000000000000000e+00
4.997312138781896951e-01,1.000000000000000000e+00,2.000000000000000000e+00
9.232104807703068738e-01,1.000000000000000000e+00,2.000000000000000000e+00
1.857500051841826982e+00,5.000000000000000000e+00,4.000000000000000000e+00
6.138707215536179929e-01,1.000000000000000000e+00,2.000000000000000000e+00
-3.037518969315319492e-02,5.000000000000000000e+00,2.000000000000000000e+00
5.258597386405716723e-01,5.000000000000000000e+00,2.000000000000000000e+00
-3.886303356303026368e-01,1.000000000000000000e+00,2.000000000000000000e+00
-1.795358927415216632e+00,5.000000000000000000e+00,4.000000000000000000e+00
1.485420825075288720e-01,5.000000000000000000e+00,4.000000000000000000e+00
6.196196410887591099e-01,1.000000000000000000e+00,2.000000000000000000e+00
-4.565647797723044188e-01,1.000000000000000000e+00,2.000000000000000000e+00
-1.416062489467195373e+00,5.000000000000000000e+00,4.000000000000000000e+00
3.405634219089347936e-01,5.000000000000000000e+00,2.000000000000000000e+00
1.443517561334077159e+00,5.000000000000000000e+00,2.000000000000000000e+00
-8.124796936145147752e-01,5.000000000000000000e+00,4.000000000000000000e+00
-1.764213590658537223e+00,5.000000000000000000e+00,2.000000000000000000e+00
-1.248819645187988908e-01,5.000000000000000000e+00,4.000000000000000000e+00
-3.084059245351569167e-01,5.000000000000000000e+00,2.000000000000000000e+00
-7.909494326214989712e-01,5.000000000000000000e+00,4.000000000000000000e+00
3.509745155022082064e-01,5.000000000000000000e+00,4.000000000000000000e+00
-1.318360927296576390e+00,1.000000000000000000e+00,4.000000000000000000e+00
-2.617374640542157183e-01,1.000000000000000000e+00,4.000000000000000000e+00
-1.261938065129525999e+00,1.000000000000000000e+00,2.000000000000000000e+00
-8.387888979078718110e-01,5.000000000000000000e+00,2.000000000000000000e+00
-3.976786320011988507e-01,1.000000000000000000e+00,2.000000000000000000e+00
4.277016852228878729e-01,5.000000000000000000e+00,2.000000000000000000e+00
-4.595796068874780094e-02,5.000000000000000000e+00,2.000000000000000000e+00
6.932206185183309444e-01,5.000000000000000000e+00,4.000000000000000000e+00
-5.900833602819368501e-02,1.000000000000000000e+00,4.000000000000000000e+00
-5.738842066205825931e-01,1.000000000000000000e+00,4.000000000000000000e+00
1.875321131328304469e+00,5.000000000000000000e+00,2.000000000000000000e+00
-7.041634928393987192e-01,5.000000000000000000e+00,2.000000000000000000e+00
-1.033548615385877639e-01,5.000000000000000000e+00,4.000000000000000000e+00
-4.740347967161293030e-02,5.000000000000000000e+00,4.000000000000000000e+00
-3.702120272856398442e-01,5.000000000000000000e+00,4.000000000000000000e+00
-1.702983401652599538e+00,1.000000000000000000e+00,4.000000000000000000e+00
-1.520127249681439530e+00,1.000000000000000000e+00,2.000000000000000000e+00
-9.951817683583999985e-01,1.000000000000000000e+00,2.000000000000000000e+00
5.281256809941752284e-01,1.000000000000000000e+00,4.000000000000000000e+00
-1.680946371555166907e+00,5.000000000000000000e+00,4.000000000000000000e+00
-6.818214119817007646e-01,5.000000000000000000e+00,2.000000000000000000e+00
9.950574575186761639e-02,5.000000000000000000e+00,4.000000000000000000e+00
1.367539275441195690e+00,5.000000000000000000e+00,2.000000000000000000e+00
4.164350120956497037e-01,5.000000000000000000e+00,4.000000000000000000e+00
-7.014468113905411029e-01,1.000000000000000000e+00,4.000000000000000000e+00
-9.211087774200964473e-01,5.000000000000000000e+00,2.000000000000000000e+00
-1.447787567774347250e+00,1.000000000000000000e+00,4.000000000000000000e+00
6.520256098059282746e-01,5.000000000000000000e+00,4.000000000000000000e+00
1.214938333025180839e+00,5.000000000000000000e+00,2.000000000000000000e+00
3.554420888591445366e-02,1.000000000000000000e+00,4.000000000000000000e+00
2.756800307162314834e+00,5.000000000000000000e+00,4.000000000000000000e+00
-1.845225247384356893e+00,5.000000000000000000e+00,2.000000000000000000e+00
6.227327591527939132e-01,1.000000000000000000e+00,4.000000000000000000e+00
-9.386817617483480536e-01,5.000000000000000000e+00,2.000000000000000000e+00
2.834541383636833833e-01,5.000000000000000000e+00,2.000000000000000000e+00
5.019062160710984211e-01,5.000000000000000000e+00,4.000000000000000000e+00
2.367177074275134407e-01,5.000000000000000000e+00,4.000000000000000000e+00
-1.078024701099392191e+00,1.000000000000000000e+00,2.000000000000000000e+00
1.114811370071518981e+00,5.000000000000000000e+00,4.000000000000000000e+00
5.763813044614557457e-01,1.000000000000000000e+00,4.000000000000000000e+00
5.202632359354972813e-01,1.000000000000000000e+00,4.000000000000000000e+00
-8.528325227059380120e-01,1.000000000000000000e+00,4.000000000000000000e+00
-9.002777785157518586e-01,1.000000000000000000e+00,4.000000000000000000e+00
-1.747636696152395433e-02,5.000000000000000000e+00,2.000000000000000000e+00
1.328301319718644402e+00,5.000000000000000000e+00,2.000000000000000000e+00
-1.538165409676869183e-02,1.000000000000000000e+00,2.000000000000000000e+00
-1.349196490595168996e+00,5.000000000000000000e+00,4.000000000000000000e+00
4.670132538363555574e-01,5.000000000000000000e+00,2.000000000000000000e+00
2.165267974245521088e-01,1.000000000000000000e+00,2.000000000000000000e+00
1.334780800450592331e-01,5.000000000000000000e+00,4.000000000000000000e+00
-1.394830170757940913e+00,5.000000000000000000e+00,4.000000000000000000e+00
5.988925114093029967e-01,5.000000000000000000e+00,2.000000000000000000e+00
6.445152797740804074e-01,5.000000000000000000e+00,2.000000000000000000e+00
9.936419015727473436e-01,1.000000000000000000e+00,2.000000000000000000e+00
-2.246743687218868690e-01,1.000000000000000000e+00,2.000000000000000000e+00
5.237650591435487613e-01,5.000000000000000000e+00,4.000000000000000000e+00
-1.268400190962253905e-02,1.000000000000000000e+00,2.000000000000000000e+00
4.057360489362287631e-02,1.000000000000000000e+00,4.000000000000000000e+00
-3.662049532492070436e-01,5.000000000000000000e+00,4.000000000000000000e+00
-7.559266191420404013e-01,5.000000000000000000e+00,4.000000000000000000e+00
-1.205216969738543753e+00,5.000000000000000000e+00,2.000000000000000000e+00
9.607854351739686383e-01,1.000000000000000000e+00,4.000000000000000000e+00
1.230082081787496895e+00,5.000000000000000000e+00,2.000000000000000000e+00
1.941360215039464210e+00,1.000000000000000000e+00,4.000000000000000000e+00
-1.233401028533480659e+00,5.000000000000000000e+00,4.000000000000000000e+00
1.994812480005516253e+00,5.000000000000000000e+00,2.000000000000000000e+00
-8.816828842453836579e-01,5.000000000000000000e+00,4.000000000000000000e+00
-9.607327573911765839e-01,5.000000000000000000e+00,2.000000000000000000e+00
5.919748157970911029e-01,1.000000000000000000e+00,4.000000000000000000e+00
-6.411600804278415611e-01,5.000000000000000000e+00,2.000000000000000000e+00
1.353569488801170895e+00,1.000000000000000000e+00,2.000000000000000000e+00
-1.634894114172706470e+00,1.000000000000000000e+00,4.000000000000000000e+00
1.525592622279436095e-01,1.000000000000000000e+00,4.000000000000000000e+00
-1.389063112712439658e-02,1.000000000000000000e+00,2.000000000000000000e+00
7.409110089965642576e-01,5.000000000000000000e+00,2.000000000000000000e+00
-8.813981779318824650e-01,1.000000000000000000e+00,4.000000000000000000e+00
2.015256000214140086e-01,5.000000000000000000e+00,4.000000000000000000e+00
-1.055421139070730652e+00,5.000000000000000000e+00,2.000000000000000000e+00
-1.169508670562367181e+00,1.000000000000000000e+00,2.000000000000000000e+00
1.602468343822848196e+00,5.000000000000000000e+00,4.000000000000000000e+00
8.320837370798137567e-01,5.000000000000000000e+00,2.000000000000000000e+00
-1.458172370845960131e-01,1.000000000000000000e+00,4.000000000000000000e+00
2.888328313745829878e-01,5.000000000000000000e+00,4.000000000000000000e+00
1.526465125780182008e+00,5.000000000000000000e+00,4.000000000000000000e+00
1.273524575462154362e-01,5.000000000000000000e+00,4.000000000000000000e+00
-2.107170175100101073e+00,5.000000000000000000e+00,2.000000000000000000e+00
3.296005917283149511e+00,5.000000000000000000e+00,4.000000000000000000e+00
1.466038453012777909e+00,5.000000000000000000e+00,2.000000000000000000e+00
3.976824104541405031e-02,5.000000000000000000e+00,4.000000000000000000e+00
-1.721610395779000768e-01,5.000000000000000000e+00,2.000000000000000000e+00
-1.434143648881186783e-01,5.000000000000000000e+00,4.000000000000000000e+00
7.391919997761148275e-01,1.000000000000000000e+00,4.000000000000000000e+00
-1.643323730293913820e-01,5.000000000000000000e+00,4.000000000000000000e+00
1.274499088716342987e+00,5.000000000000000000e+00,4.000000000000000000e+00
2.151243947297554637e+00,1.000000000000000000e+00,4.000000000000000000e+00
-7.754861154332739481e-01,5.000000000000000000e+00,2.000000000000000000e+00
5.866134572729044816e-01,1.000000000000000000e+00,2.000000000000000000e+00
-8.555133816828980331e-01,5.000000000000000000e+00,4.000000000000000000e+00
-2.899919581272886182e-01,1.000000000000000000e+00,2.000000000000000000e+00
7.516542194944063338e-02,1.000000000000000000e+00,4.000000000000000000e+00
-1.424709540509098815e+00,5.000000000000000000e+00,4.000000000000000000e+00
5.955665517305767098e-01,1.000000000000000000e+00,4.000000000000000000e+00
1.034037136613022989e+00,5.000000000000000000e+00,2.000000000000000000e+00
-5.834661312453471860e-01,5.000000000000000000e+00,2.000000000000000000e+00
-2.550212668690923223e+00,5.000000000000000000e+00,2.000000000000000000e+00
-4.113163696080017195e-01,1.000000000000000000e+00,2.000000000000000000e+00
-5.972894548552302174e-01,1.000000000000000000e+00,2.000000000000000000e+00
-1.522497216047547175e+00,5.000000000000000000e+00,2.000000000000000000e+00
7.542105767613423994e-01,1.000000000000000000e+00,2.000000000000000000e+00
-2.444577273523576899e+00,5.000000000000000000e+00,4.000000000000000000e+00
2.095663769143624455e-01,5.000000000000000000e+00,4.000000000000000000e+00
-1.674523338296984409e+00,5.000000000000000000e+00,2.000000000000000000e+00
1.430277811595257742e-01,5.000000000000000000e+00,2.000000000000000000e+00
-1.795859073666085326e+00,5.000000000000000000e+00,4.000000000000000000e+00
-6.331477803512426394e-01,5.000000000000000000e+00,4.000000000000000000e+00
3.057232532457413221e+00,5.000000000000000000e+00,4.000000000000000000e+00
-1.570856013584553068e+00,1.000000000000000000e+00,4.000000000000000000e+00
-2.242302906767571491e-01,5.000000000000000000e+00,4.000000000000000000e+00
-7.069046965857250786e-02,1.000000000000000000e+00,2.000000000000000000e+00
3.794060494373923120e-01,5.000000000000000000e+00,4.000000000000000000e+00
-3.023822297845186191e-01,1.000000000000000000e+00,4.000000000000000000e+00
4.825878981482045749e-01,5.000000000000000000e+00,4.000000000000000000e+00
8.544082279399496382e-01,5.000000000000000000e+00,4.000000000000000000e+00
-4.432558317587361185e-01,5.000000000000000000e+00,2.000000000000000000e+00
-1.874539645349983796e-01,1.000000000000000000e+00,2.000000000000000000e+00
8.741025065527000537e-01,5.000000000000000000e+00,4.000000000000000000e+00
1.221063574523622020e+00,1.000000000000000000e+00,4.000000000000000000e+00
-1.748032373281379837e+00,5.000000000000000000e+00,2.000000000000000000e+00
-6.853698131551970718e-01,1.000000000000000000e+00,4.000000000000000000e+00
1.035925741724718296e+00,1.000000000000000000e+00,4.000000000000000000e+00
-9.518067387239891319e-01,5.000000000000000000e+00,4.000000000000000000e+00
-2.435540284104298694e-02,5.000000000000000000e+00,2.000000000000000000e+00
1.331840093601787123e-01,1.000000000000000000e+00,2.000000000000000000e+00
-1.402144328795448702e+00,1.000000000000000000e+00,4.000000000000000000e+00
-3.841964047760696999e-01,5.000000000000000000e+00,4.000000000000000000e+00
2.263641602627549876e+00,5.000000000000000000e+00,4.000000000000000000e+00
-2.494053136599752307e-01,5.000000000000000000e+00,2.000000000000000000e+00
-1.562222288299485173e+00,1.000000000000000000e+00,2.000000000000000000e+00
5.110867198648330056e-01,5.000000000000000000e+00,4.000000000000000000e+00
-1.363976923027463650e+00,5.000000000000000000e+00,2.000000000000000000e+00
1.739750507035976168e-01,1.000000000000000000e+00,4.000000000000000000e+00
-1.497404269137436739e+00,1.000000000000000000e+00,4.000000000000000000e+00
-3.472611197203700484e-01,5.000000000000000000e+00,2.000000000000000000e+00
-1.331889183167244362e+00,5.000000000000000000e+00,4.000000000000000000e+00
4.449937441883182743e-01,1.000000000000000000e+00,2.000000000000000000e+00
3.961854935930172461e-01,5.000000000000000000e+00,4.000000000000000000e+00
-9.314456408350573202e-01,5.000000000000000000e+00,4.000000000000000000e+00
-1.410875573833748176e+00,1.000000000000000000e+00,2.000000000000000000e+00
3.679339625077120979e-01,1.000000000000000000e+00,4.000000000000000000e+00
9.560206418709997767e-01,1.000000000000000000e+00,2.000000000000000000e+00
1.173430319573777636e+00,5.000000000000000000e+00,4.000000000000000000e+00
1.317994129866979724e+00,1.000000000000000000e+00,2.000000000000000000e+00
-1.623388653670217119e+00,5.000000000000000000e+00,4.000000000000000000e+00
1.788434968075486645e-02,5.000000000000000000e+00,4.000000000000000000e+00
-2.179321370218730292e-01,1.000000000000000000e+00,2.000000000000000000e+00
4.056706968332646213e-01,5.000000000000000000e+00,4.000000000000000000e+00
-3.596196294674794403e-01,1.000000000000000000e+00,2.000000000000000000e+00
9.339659470460899282e-01,5.000000000000000000e+00,2.000000000000000000e+00
-6.799246108663992150e-01,5.000000000000000000e+00,2.000000000000000000e+00
6.397229460424771474e-01,1.000000000000000000e+00,4.000000000000000000e+00
2.156758756394603793e+00,5.000000000000000000e+00,4.000000000000000000e+00
8.157686280428202430e-01,5.000000000000000000e+00,4.000000000000000000e+00
4.007945704517631991e-01,5.000000000000000000e+00,4.000000000000000000e+00
-4.146499465632683123e-01,5.000000000000000000e+00,4.000000000000000000e+00
-5.616617238948490298e-01,1.000000000000000000e+00,2.000000000000000000e+00
-6.515911224490846809e-01,5.000000000000000000e+00,2.000000000000000000e+00
3.993808847907615034e-01,1.000000000000000000e+00,2.000000000000000000e+00
1.246523702009037608e-02,5.000000000000000000e+00,4.000000000000000000e+00
-6.451845210668279984e-01,5.000000000000000000e+00,4.000000000000000000e+00
8.225688309882791538e-01,5.000000000000000000e+00,2.000000000000000000e+00
1.631355799655819228e-01,5.000000000000000000e+00,2.000000000000000000e+00
-1.030716890478542563e-01,1.000000000000000000e+00,4.000000000000000000e+00
-2.785430145926493309e-02,1.000000000000000000e+00,4.000000000000000000e+00
8.336448254053654416e-01,5.000000000000000000e+00,2.000000000000000000e+00
3.500680227971541547e-01,1.000000000000000000e+00,4.000000000000000000e+00
-1.034901962228361505e+00,1.000000000000000000e+00,2.000000000000000000e+00
4.303654713642763446e-02,5.000000000000000000e+00,4.000000000000000000e+00
-1.995750034821343721e+00,5.000000000000000000e+00,4.000000000000000000e+00
-1.089884252407787635e+00,5.000000000000000000e+00,4.000000000000000000e+00
-5.063042427602096884e-01,5.000000000000000000e+00,2.000000000000000000e+00
-2.395914390179793241e+00,5.000000000000000000e+00,2.000000000000000000e+00
-1.152386001150717210e+00,1.000000000000000000e+00,4.000000000000000000e+00
1.437403715571102580e+00,5.000000000000000000e+00,2.000000000000000000e+00
-2.785027566907520846e-01,1.000000000000000000e+00,4.000000000000000000e+00
-5.922131564373741552e-01,1.000000000000000000e+00,4.000000000000000000e+00
4.475636749729155484e-01,1.000000000000000000e+00,4.000000000000000000e+00
2.904728458494432869e-02,5.000000000000000000e+00,2.000000000000000000e+00
-6.909718868228043043e-01,5.000000000000000000e+00,4.000000000000000000e+00
2.057274604843180033e+00,5.000000000000000000e+00,4.000000000000000000e+00
-1.673028500679983877e+00,1.000000000000000000e+00,4.000000000000000000e+00
5.863214082729859555e-01,5.000000000000000000e+00,4.000000000000000000e+00
-2.518779549252127659e+00,1.000000000000000000e+00,2.000000000000000000e+00
5.256250706541671924e-01,5.000000000000000000e+00,2.000000000000000000e+00
4.560891532494962819e-01,1.000000000000000000e+00,4.000000000000000000e+00
1.175945925096110178e+00,5.000000000000000000e+00,4.000000000000000000e+00
-1.109638322942640754e+00,1.000000000000000000e+00,2.000000000000000000e+00
-1.214806073981451240e+00,1.000000000000000000e+00,4.000000000000000000e+00
-1.981094463626157653e-01,5.000000000000000000e+00,4.000000000000000000e+00
-1.332363104213235783e+00,1.000000000000000000e+00,2.000000000000000000e+00
-4.362274093951932774e-01,5.000000000000000000e+00,4.000000000000000000e+00
-2.637047317428326654e+00,5.000000000000000000e+00,4.000000000000000000e+00
1.597044826216895030e+00,5.000000000000000000e+00,4.000000000000000000e+00
1.725104404616450149e-01,1.000000000000000000e+00,4.000000000000000000e+00
-4.084212068508182303e-01,1.000000000000000000e+00,2.000000000000000000e+00
2.820991133127935258e-01,1.000000000000000000e+00,2.000000000000000000e+00
-2.314282525353606179e-01,5.000000000000000000e+00,2.000000000000000000e+00
-1.652604327677613949e-01,5.000000000000000000e+00,2.000000000000000000e+00
-1.329504922331591066e-01,5.000000000000000000e+00,2.000000000000000000e+00
-1.597796675802860555e+00,5.000000000000000000e+00,2.000000000000000000e+00
-1.033467873468075560e+00,5.000000000000000000e+00,2.000000000000000000e+00
9.268119362049406784e-02,1.000000000000000000e+00,2.000000000000000000e+00
8.283031829205573793e-01,1.000000000000000000e+00,4.000000000000000000e+00
5.480408456829911623e-01,1.000000000000000000e+00,4.000000000000000000e+00
-9.537861678598238968e-02,5.000000000000000000e+00,4.000000000000000000e+00
-1.123456788062454192e+00,1.000000000000000000e+00,4.000000000000000000e+00
-1.209375704798116846e+00,1.000000000000000000e+00,4.000000000000000000e+00
-1.896931677301556318e+00,1.000000000000000000e+00,2.000000000000000000e+00
-8.513911145317594187e-01,5.000000000000000000e+00,4.000000000000000000e+00
-2.560097317454836929e-01,1.000000000000000000e+00,2.000000000000000000e+00
-1.855504709302023825e-01,5.000000000000000000e+00,4.000000000000000000e+00
1.007325190172787766e+00,5.000000000000000000e+00,2.000000000000000000e+00
8.441910150134972479e-01,5.000000000000000000e+00,2.000000000000000000e+00
-3.372146810418824026e-01,5.000000000000000000e+00,2.000000000000000000e+00
4.906444112074929698e-01,1.000000000000000000e+00,4.000000000000000000e+00
2.148478774840261174e+00,1.000000000000000000e+00,4.000000000000000000e+00
2.071717726867309040e+00,5.000000000000000000e+00,4.000000000000000000e+00
-4.280265160138381764e-01,5.000000000000000000e+00,2.000000000000000000e+00
1.154699788668298366e+00,5.000000000000000000e+00,4.000000000000000000e+00
2.748984173174529727e-02,5.000000000000000000e+00,2.000000000000000000e+00
2.651144681972360528e-01,5.000000000000000000e+00,2.000000000000000000e+00
-1.096377187808045051e+00,1.000000000000000000e+00,2.000000000000000000e+00
-3.228326201821790642e-01,1.000000000000000000e+00,2.000000000000000000e+00
-7.040617557326059872e-01,1.000000000000000000e+00,4.000000000000000000e+00
-1.263602783092638182e+00,1.000000000000000000e+00,2.000000000000000000e+00
3.874852522454196729e-02,5.000000000000000000e+00,2.000000000000000000e+00
-2.352462744174959597e-01,1.000000000000000000e+00,2.000000000000000000e+00
-8.781294907936427752e-01,1.000000000000000000e+00,4.000000000000000000e+00
-6.287368799068130398e-01,5.000000000000000000e+00,4.000000000000000000e+00
2.038449125983944274e-02,5.000000000000000000e+00,2.000000000000000000e+00
-5.586948886055281838e-01,1.000000000000000000e+00,4.000000000000000000e+00
7.561789371022265005e-02,5.000000000000000000e+00,2.000000000000000000e+00
-1.289548541030884898e+00,1.000000000000000000e+00,2.000000000000000000e+00
-3.235094220889568883e-01,1.000000000000000000e+00,2.000000000000000000e+00
-1.038240746683307236e+00,5.000000000000000000e+00,2.000000000000000000e+00
1.137759373481671776e+00,5.000000000000000000e+00,4.000000000000000000e+00
2.949160777265250055e-01,5.000000000000000000e+00,4.000000000000000000e+00
-7.929356551843003142e-02,5.000000000000000000e+00,4.000000000000000000e+00
-6.415361003274163698e-01,1.000000000000000000e+00,4.000000000000000000e+00
-2.695333342336413640e+00,1.000000000000000000e+00,4.000000000000000000e+00
-7.778988485210120984e-01,1.000000000000000000e+00,2.000000000000000000e+00
-5.902875820071893515e-02,1.000000000000000000e+00,4.000000000000000000e+00
-5.394253574143992314e-01,1.000000000000000000e+00,4.000000000000000000e+00
-5.634416790397368813e-03,1.000000000000000000e+00,4.000000000000000000e+00
1.169530915243427671e+00,1.000000000000000000e+00,2.000000000000000000e+00
-3.763999344883904585e-02,1.000000000000000000e+00,2.000000000000000000e+00
3.800588239827981107e-01,1.000000000000000000e+00,4.000000000000000000e+00
1.827677982649918431e-01,5.000000000000000000e+00,4.000000000000000000e+00
1.562921932747767917e+00,5.000000000000000000e+00,2.000000000000000000e+00
-8.170818322947651646e-01,1.000000000000000000e+00,4.000000000000000000e+00
5.233569201591151687e-01,5.000000000000000000e+00,2.000000000000000000e+00
-1.172245038377967230e+00,5.000000000000000000e+00,4.000000000000000000e+00
-5.388512004658200238e-01,5.000000000000000000e+00,4.000000000000000000e+00
6.370471715763103004e-01,1.000000000000000000e+00,4.000000000000000000e+00
-4.262467460371455186e-01,5.000000000000000000e+00,4.000000000000000000e+00
-8.160625696738824653e-01,5.000000000000000000e+00,2.000000000000000000e+00
-1.572132838706587821e+00,5.000000000000000000e+00,4.000000000000000000e+00
-2.807757855810578129e-01,5.000000000000000000e+00,4.000000000000000000e+00
-1.256930454762216764e-01,1.000000000000000000e+00,4.000000000000000000e+00
-4.267820271467468590e-02,1.000000000000000000e+00,2.000000000000000000e+00
-6.013837048255112894e-01,1.000000000000000000e+00,4.000000000000000000e+00
2.899579420560728926e-01,5.000000000000000000e+00,2.000000000000000000e+00
5.680456602059833493e-01,5.000000000000000000e+00,4.000000000000000000e+00
3.606456519408625105e-01,5.000000000000000000e+00,2.000000000000000000e+00
1.410372819874526062e-01,1.000000000000000000e+00,4.000000000000000000e+00
-9.305000542380572615e-01,1.000000000000000000e+00,4.000000000000000000e+00
-1.160035330019371536e+00,1.000000000000000000e+00,2.000000000000000000e+00
9.126510132390337482e-01,1.000000000000000000e+00,4.000000000000000000e+00
5.047652302017333614e-01,1.000000000000000000e+00,2.000000000000000000e+00
-6.759281028622206033e-01,1.000000000000000000e+00,2.000000000000000000e+00
-2.242176432960240468e-02,5.000000000000000000e+00,4.000000000000000000e+00
-3.133693580333123951e-01,5.000000000000000000e+00,4.000000000000000000e+00
-1.136540474269840839e+00,5.000000000000000000e+00,4.000000000000000000e+00
-5.007251375391500448e-01,5.000000000000000000e+00,4.000000000000000000e+00
3.496785941815885868e-01,1.000000000000000000e+00,2.000000000000000000e+00
-2.197316822261577984e-01,1.000000000000000000e+00,4.000000000000000000e+00
-3.460479095558258167e-01,1.000000000000000000e+00,2.000000000000000000e+00
4.192822852642028031e-01,1.000000000000000000e+00,2.000000000000000000e+00
7.425387497244329005e-01,5.000000000000000000e+00,4.000000000000000000e+00
1.111269399286414439e+00,1.000000000000000000e+00,4.000000000000000000e+00
1.491999756194454241e+00,5.000000000000000000e+00,2.000000000000000000e+00
4.547277400348533338e-01,1.000000000000000000e+00,4.000000000000000000e+00
1.577160259281690013e+00,1.000000000000000000e+00,4.000000000000000000e+00
-7.461890604027467955e-01,1.000000000000000000e+00,2.000000000000000000e+00
4.216361174057461914e-01,1.000000000000000000e+00,4.000000000000000000e+00
-2.711167601075696251e-02,5.000000000000000000e+00,4.000000000000000000e+00
-6.401135876021409044e-02,1.000000000000000000e+00,4.000000000000000000e+00
1.708779682633888131e+00,1.000000000000000000e+00,4.000000000000000000e+00
5.175183116824335627e-01,1.000000000000000000e+00,2.000000000000000000e+00
-6.297219011458558002e-01,1.000000000000000000e+00,2.000000000000000000e+00
9.011523109251579067e-01,5.000000000000000000e+00,2.000000000000000000e+00
-5.662081553478961471e-01,1.000000000000000000e+00,4.000000000000000000e+00
-4.862366792358475270e-02,5.000000000000000000e+00,4.000000000000000000e+00
-1.103118158324432274e+00,1.000000000000000000e+00,2.000000000000000000e+00
6.727068641600906229e-01,1.000000000000000000e+00,2.000000000000000000e+00
9.608498999750373359e-01,5.000000000000000000e+00,2.000000000000000000e+00
6.049213384487950318e-01,1.000000000000000000e+00,2.000000000000000000e+00
2.864403674771527908e-01,5.000000000000000000e+00,2.000000000000000000e+00
9.768821692423408365e-01,1.000000000000000000e+00,4.000000000000000000e+00
-4.164267356113370844e-01,5.000000000000000000e+00,4.000000000000000000e+00
9.567380823680613489e-01,5.000000000000000000e+00,4.000000000000000000e+00
6.326514362157464877e-01,5.000000000000000000e+00,2.000000000000000000e+00
-6.478173329560459326e-01,1.000000000000000000e+00,2.000000000000000000e+00
-2.558534142713752235e+00,1.000000000000000000e+00,4.000000000000000000e+00
1.557451827642570008e-01,1.000000000000000000e+00,4.000000000000000000e+00
-1.777433927511546385e-01,1.000000000000000000e+00,2.000000000000000000e+00
-1.687267659578350454e+00,5.000000000000000000e+00,4.000000000000000000e+00
-4.894018496964578357e-01,5.000000000000000000e+00,2.000000000000000000e+00
4.008646109394922163e-01,1.000000000000000000e+00,4.000000000000000000e+00
-8.135605659373282839e-01,5.000000000000000000e+00,4.000000000000000000e+00
6.251987754108384587e-01,1.000000000000000000e+00,2.000000000000000000e+00
-1.170971032194269901e+00,5.000000000000000000e+00,4.000000000000000000e+00
1.079988847044480949e+00,5.000000000000000000e+00,4.000000000000000000e+00
-1.268140576700991506e-01,1.000000000000000000e+00,4.000000000000000000e+00
1.246945127388695562e+00,1.000000000000000000e+00,4.000000000000000000e+00
6.804454851868495524e-01,5.000000000000000000e+00,4.000000000000000000e+00
-9.117042060900232281e-01,1.000000000000000000e+00,4.000000000000000000e+00
2.159834158617001343e+00,5.000000000000000000e+00,4.000000000000000000e+00
-1.962809411433060536e+00,5.000000000000000000e+00,2.000000000000000000e+00
4.827222908287598369e-01,1.000000000000000000e+00,4.000000000000000000e+00
-1.742601089675555881e-01,5.000000000000000000e+00,2.000000000000000000e+00
-1.065772945771274571e+00,1.000000000000000000e+00,2.000000000000000000e+00
1.054869856309540888e+00,5.000000000000000000e+00,2.000000000000000000e+00
-1.364389586075892280e-01,1.000000000000000000e+00,2.000000000000000000e+00
-1.403960535725770731e+00,1.000000000000000000e+00,4.000000000000000000e+00
2.151829210325705954e+00,5.000000000000000000e+00,2.000000000000000000e+00
-9.054616359108178525e-01,1.000000000000000000e+00,4.000000000000000000e+00
-3.251856643985188700e-01,5.000000000000000000e+00,2.000000000000000000e+00
-3.710404636367280462e-01,5.000000000000000000e+00,4.000000000000000000e+00
1.454405387777549796e+00,5.000000000000000000e+00,2.000000000000000000e+00
4.404773374479701437e-02,1.000000000000000000e+00,2.000000000000000000e+00
-5.189699916013821301e-01,5.000000000000000000e+00,4.000000000000000000e+00
1.309888875690612964e-01,1.000000000000000000e+00,4.000000000000000000e+00
-7.160365374741317623e-01,1.000000000000000000e+00,2.000000000000000000e+00
6.307920867478025717e-02,1.000000000000000000e+00,4.000000000000000000e+00
2.904856917015279372e-01,1.000000000000000000e+00,4.000000000000000000e+00
-2.079318286238879931e+00,5.000000000000000000e+00,2.000000000000000000e+00
-2.272020592179155030e-01,1.000000000000000000e+00,2.000000000000000000e+00
1.912570354239188752e+00,1.000000000000000000e+00,4.000000000000000000e+00
-9.352306809183005276e-01,1.000000000000000000e+00,4.000000000000000000e+00
-1.610038647914785903e+00,5.000000000000000000e+00,4.000000000000000000e+00
-3.008782727921701511e-02,5.000000000000000000e+00,2.000000000000000000e+00
1.931367324151867182e+00,5.000000000000000000e+00,4.000000000000000000e+00
-1.194092888857186674e+00,1.000000000000000000e+00,4.000000000000000000e+00
-1.012730218039660679e+00,1.000000000000000000e+00,2.000000000000000000e+00
-1.668531962477413533e+00,5.000000000000000000e+00,4.000000000000000000e+00
8.164822928855534068e-01,5.000000000000000000e+00,4.000000000000000000e+00
3.529174024898169837e-02,1.000000000000000000e+00,4.000000000000000000e+00
-9.484931764312257707e-01,5.000000000000000000e+00,4.000000000000000000e+00
-6.172851373929404417e-01,5.000000000000000000e+00,2.000000000000000000e+00
-4.396246909336529174e-01,5.000000000000000000e+00,2.000000000000000000e+00
2.159669098018430489e-01,5.000000000000000000e+00,2.000000000000000000e+00
1.546286828451411521e+00,5.000000000000000000e+00,4.000000000000000000e+00
4.173524331284311772e-01,5.000000000000000000e+00,2.000000000000000000e+00
-1.151036279321820288e+00,5.000000000000000000e+00,4.000000000000000000e+00
6.314195584117355819e-01,5.000000000000000000e+00,4.000000000000000000e+00
1.016405713648072862e+00,5.000000000000000000e+00,2.000000000000000000e+00
7.212857529908489607e-01,5.000000000000000000e+00,2.000000000000000000e+00
7.357432913844971223e-01,1.000000000000000000e+00,2.000000000000000000e+00
4.880342293282612931e-01,1.000000000000000000e+00,4.000000000000000000e+00
9.420118124166829698e-01,1.000000000000000000e+00,4.000000000000000000e+00
7.536631944942260297e-01,5.000000000000000000e+00,2.000000000000000000e+00
1.154904301859898119e+00,1.000000000000000000e+00,2.000000000000000000e+00
1.425075350051584755e-01,5.000000000000000000e+00,4.000000000000000000e+00
2.263078427955941052e+00,5.000000000000000000e+00,4.000000000000000000e+00
1.526552780768465123e+00,1.000000000000000000e+00,2.000000000000000000e+00
-1.367415611273472553e+00,5.000000000000000000e+00,2.000000000000000000e+00
9.059163697407085492e-02,5.000000000000000000e+00,4.000000000000000000e+00
-1.178409473498582827e+00,5.000000000000000000e+00,4.000000000000000000e+00
-1.616542837809164634e+00,5.000000000000000000e+00,4.000000000000000000e+00
5.037781448746776469e-01,5.000000000000000000e+00,4.000000000000000000e+00
-1.090197788885077124e+00,5.000000000000000000e+00,4.000000000000000000e+00
-3.873238745312888864e-02,1.000000000000000000e+00,2.000000000000000000e+00
-2.326129046876970197e+00,5.000000000000000000e+00,4.000000000000000000e+00
-1.262165455845519757e+00,5.000000000000000000e+00,2.000000000000000000e+00
-5.008327115631430043e-02,5.000000000000000000e+00,2.000000000000000000e+00
2.532051550928900996e-01,1.000000000000000000e+00,4.000000000000000000e+00
8.362530921288752195e-01,1.000000000000000000e+00,4.000000000000000000e+00
-4.350557931766271813e-01,5.000000000000000000e+00,2.000000000000000000e+00
-3.653629542721316126e-01,1.000000000000000000e+00,4.000000000000000000e+00
-6.359025304771760423e-01,5.000000000000000000e+00,4.000000000000000000e+00
9.692758245154449170e-01,1.000000000000000000e+00,4.000000000000000000e+00
-2.292675712722457515e+00,1.000000000000000000e+00,4.000000000000000000e+00
2.364561430356506289e-01,5.000000000000000000e+00,2.000000000000000000e+00
-3.309332317695325432e-01,1.000000000000000000e+00,2.000000000000000000e+00
1.310829921349635274e+00,1.000000000000000000e+00,4.000000000000000000e+00
7.297100351779509664e-01,1.000000000000000000e+00,2.000000000000000000e+00
2.110330163127750458e-01,5.000000000000000000e+00,2.000000000000000000e+00
-6.081990661328844361e-01,1.000000000000000000e+00,4.000000000000000000e+00
3.588603833388272490e-01,5.000000000000000000e+00,2.000000000000000000e+00
1.048639689413901177e+00,5.000000000000000000e+00,4.000000000000000000e+00
5.593799745232069798e-01,1.000000000000000000e+00,4.000000000000000000e+00
-1.347949249261823246e+00,5.000000000000000000e+00,2.000000000000000000e+00
1.722409815739673611e-01,1.000000000000000000e+00,4.000000000000000000e+00
-2.499835255301837922e+00,5.000000000000000000e+00,2.000000000000000000e+00
-3.584879160085052696e-01,5.000000000000000000e+00,4.000000000000000000e+00
2.560704187474291404e-01,1.000000000000000000e+00,2.000000000000000000e+00
-9.537041130759067453e-01,5.000000000000000000e+00,2.000000000000000000e+00
2.097694427844056353e+00,1.000000000000000000e+00,4.000000000000000000e+00
-5.266403482979574724e-01,1.000000000000000000e+00,4.000000000000000000e+00
-4.968873788950629172e-03,5.000000000000000000e+00,4.000000000000000000e+00
7.601877143700719319e-01,1.000000000000000000e+00,2.000000000000000000e+00
4.326891112575523279e-01,1.000000000000000000e+00,2.000000000000000000e+00
-1.048428823938026416e-01,1.000000000000000000e+00,4.000000000000000000e+00
1.083681222449489473e-01,1.000000000000000000e+00,2.000000000000000000e+00
1.391290755078881114e+00,1.000000000000000000e+00,4.000000000000000000e+00
2.153052201977904978e-01,5.000000000000000000e+00,4.000000000000000000e+00
-9.134392595219520405e-01,1.000000000000000000e+00,2.000000000000000000e+00
-1.465132578362611682e+00,5.000000000000000000e+00,2.000000000000000000e+00
3.304454444207987063e-01,1.000000000000000000e+00,4.000000000000000000e+00
-6.331271945445372529e-01,1.000000000000000000e+00,2.000000000000000000e+00
2.414941423298144485e-01,1.000000000000000000e+00,4.000000000000000000e+00
-2.155075724006015048e-01,5.000000000000000000e+00,4.000000000000000000e+00
2.254373897699482043e-01,5.000000000000000000e+00,4.000000000000000000e+00
-1.648068262061969935e-01,1.000000000000000000e+00,4.000000000000000000e+00
-9.878424839837419702e-01,1.000000000000000000e+00,4.000000000000000000e+00
7.643885785059658655e-01,5.000000000000000000e+00,4.000000000000000000e+00
9.865334730107864214e-01,1.000000000000000000e+00,2.000000000000000000e+00
-6.196041471632089959e-01,5.000000000000000000e+00,4.000000000000000000e+00
-2.471119730527926883e+00,5.000000000000000000e+00,2.000000000000000000e+00
-1.619946063140743631e+00,1.000000000000000000e+00,2.000000000000000000e+00
-3.118416114636443637e-01,1.000000000000000000e+00,2.000000000000000000e+00
9.003489740850905143e-01,5.000000000000000000e+00,2.000000000000000000e+00
8.266006665897802641e-01,5.000000000000000000e+00,2.000000000000000000e+00
3.607759487021109379e-01,1.000000000000000000e+00,4.000000000000000000e+00
-6.867205573702526156e-01,1.000000000000000000e+00,4.000000000000000000e+00
-1.289910739698732822e+00,5.000000000000000000e+00,2.000000000000000000e+00
-5.833958156096760161e-01,1.000000000000000000e+00,4.000000000000000000e+00
1.145957325968615992e+00,1.000000000000000000e+00,2.000000000000000000e+00
-1.167712384958540683e+00,1.000000000000000000e+00,4.000000000000000000e+00
-1.355333348801373017e+00,1.000000000000000000e+00,2.000000000000000000e+00
1.195351667177447230e-01,5.000000000000000000e+00,4.000000000000000000e+00
-1.195270962308191853e+00,5.000000000000000000e+00,2.000000000000000000e+00
1.334717602599960973e+00,5.000000000000000000e+00,4.000000000000000000e+00
2.479152298727571313e-01,5.000000000000000000e+00,2.000000000000000000e+00
-3.873687639876235433e-01,1.000000000000000000e+00,2.000000000000000000e+00
1.899387040579774144e+00,1.000000000000000000e+00,4.000000000000000000e+00
-1.250384267108878733e+00,5.000000000000000000e+00,4.000000000000000000e+00
-1.547307250391219080e+00,5.000000000000000000e+00,4.000000000000000000e+00
1.189470195980417838e-01,1.000000000000000000e+00,2.000000000000000000e+00
-1.120549560612219997e+00,1.000000000000000000e+00,4.000000000000000000e+00
-9.141454529991728251e-01,1.000000000000000000e+00,4.000000000000000000e+00
-4.558366977404501030e-01,5.000000000000000000e+00,4.000000000000000000e+00
-2.123169938452725169e+00,5.000000000000000000e+00,2.000000000000000000e+00
3.483648704702094756e-01,5.000000000000000000e+00,2.000000000000000000e+00
2.344421849964783977e-01,1.000000000000000000e+00,4.000000000000000000e+00
4.984290840398129530e-01,1.000000000000000000e+00,2.000000000000000000e+00
-1.046129616135578200e+00,1.000000000000000000e+00,4.000000000000000000e+00
4.663469135796448062e-01,5.000000000000000000e+00,2.000000000000000000e+00
-1.926932474876958956e+00,1.000000000000000000e+00,4.000000000000000000e+00
6.986346359683569540e-01,5.000000000000000000e+00,4.000000000000000000e+00
-5.451950828976477315e-01,1.000000000000000000e+00,2.000000000000000000e+00
1.502339204923048621e+00,1.000000000000000000e+00,2.000000000000000000e+00
-4.245469783807698932e-02,5.000000000000000000e+00,4.000000000000000000e+00
-6.604119660254026414e-01,5.000000000000000000e+00,2.000000000000000000e+00
-1.064060329531623550e+00,1.000000000000000000e+00,4.000000000000000000e+00
-6.654466447205663604e-01,1.000000000000000000e+00,4.000000000000000000e+00
1.041229260848137717e+00,5.000000000000000000e+00,4.000000000000000000e+00
1.172524877813562627e+00,5.000000000000000000e+00,4.000000000000000000e+00
1.648074866161171270e+00,5.000000000000000000e+00,2.000000000000000000e+00
8.121216126639625721e-02,1.000000000000000000e+00,4.000000000000000000e+00
-1.696778300522587268e-01,1.000000000000000000e+00,4.000000000000000000e+00
-2.622872518715664847e-01,5.000000000000000000e+00,4.000000000000000000e+00
4.120730681866600631e-01,5.000000000000000000e+00,4.000000000000000000e+00
8.081285209122669455e-01,5.000000000000000000e+00,2.000000000000000000e+00
1.895008473474163235e+00,5.000000000000000000e+00,2.000000000000000000e+00
8.571808006086992782e-01,1.000000000000000000e+00,4.000000000000000000e+00
1.382421603961137890e+00,5.000000000000000000e+00,4.000000000000000000e+00
-2.506630287878918242e-02,5.000000000000000000e+00,4.000000000000000000e+00
-7.668832122813606933e-01,5.000000000000000000e+00,4.000000000000000000e+00
-6.101181299234476052e-01,1.000000000000000000e+00,4.000000000000000000e+00
5.807756599376588946e-01,5.000000000000000000e+00,2.000000000000000000e+00
-1.085664584632847429e+00,5.000000000000000000e+00,2.000000000000000000e+00
-6.395846144750140239e-01,1.000000000000000000e+00,2.000000000000000000e+00
-1.309120293403308821e+00,1.000000000000000000e+00,4.000000000000000000e+00
2.616115515567233318e-01,5.000000000000000000e+00,4.000000000000000000e+00
-7.662453833817062243e-01,5.000000000000000000e+00,4.000000000000000000e+00
1.099607405292609252e+00,1.000000000000000000e+00,4.000000000000000000e+00
-2.225293700708605549e+00,5.000000000000000000e+00,4.000000000000000000e+00
-9.871674645773370615e-01,5.000000000000000000e+00,4.000000000000000000e+00
-7.218643240683107754e-02,1.000000000000000000e+00,4.000000000000000000e+00
1.654336083675023439e-01,5.000000000000000000e+00,4.000000000000000000e+00
-4.169760369019475554e+00,1.000000000000000000e+00,4.000000000000000000e+00
-3.716571698362904907e-01,1.000000000000000000e+00,4.000000000000000000e+00
2.657846693159512941e-01,1.000000000000000000e+00,4.000000000000000000e+00
4.161991440352591498e-02,1.000000000000000000e+00,4.000000000000000000e+00
1.160831913547077487e+00,5.000000000000000000e+00,2.000000000000000000e+00
-2.092119647328459231e-01,5.000000000000000000e+00,4.000000000000000000e+00
-6.144005087077093474e-01,5.000000000000000000e+00,2.000000000000000000e+00
-1.923895824014086209e+00,5.000000000000000000e+00,4.000000000000000000e+00
-1.376058121637330434e+00,1.000000000000000000e+00,4.000000000000000000e+00
9.201121644012473233e-01,5.000000000000000000e+00,4.000000000000000000e+00
-7.344647703235877012e-01,1.000000000000000000e+00,4.000000000000000000e+00
-1.363555461378565536e-01,5.000000000000000000e+00,2.000000000000000000e+00
1.833051556978824159e+00,1.000000000000000000e+00,4.000000000000000000e+00
3.257713752710545557e-02,5.000000000000000000e+00,4.000000000000000000e+00
-1.964611417300021756e-01,1.000000000000000000e+00,4.000000000000000000e+00
-5.864713721895409293e-01,5.000000000000000000e+00,4.000000000000000000e+00
-2.006928231453206923e-01,1.000000000000000000e+00,4.000000000000000000e+00
1.647337264937854401e-02,1.000000000000000000e+00,4.000000000000000000e+00
-8.207810500604056925e-01,5.000000000000000000e+00,4.000000000000000000e+00
8.022921606485838852e-02,5.000000000000000000e+00,4.000000000000000000e+00
6.086653317600962954e-01,5.000000000000000000e+00,4.000000000000000000e+00
8.065616782969139420e-01,1.000000000000000000e+00,4.000000000000000000e+00
-2.499318300600932019e-01,1.000000000000000000e+00,2.000000000000000000e+00
1.011109760174833339e+00,5.000000000000000000e+00,2.000000000000000000e+00
1.608854121130292025e+00,1.000000000000000000e+00,4.000000000000000000e+00
-1.184145052121129860e+00,1.000000000000000000e+00,4.000000000000000000e+00
-4.637079338534205175e-01,1.000000000000000000e+00,4.000000000000000000e+00
1.313628182080393281e-01,1.000000000000000000e+00,4.000000000000000000e+00
4.107256990379162115e-02,1.000000000000000000e+00,2.000000000000000000e+00
4.331562129829853447e-01,1.000000000000000000e+00,2.000000000000000000e+00
-9.679470760387834383e-02,1.000000000000000000e+00,4.000000000000000000e+00
1.815958553816346133e-01,1.000000000000000000e+00,4.000000000000000000e+00
-2.437942688665366842e-01,1.000000000000000000e+00,4.000000000000000000e+00
2.344065096932174685e-01,5.000000000000000000e+00,2.000000000000000000e+00
1.295309665656998677e+00,5.000000000000000000e+00,2.000000000000000000e+00
-8.728715395809565070e-02,1.000000000000000000e+00,4.000000000000000000e+00
1.555556852686303504e+00,1.000000000000000000e+00,4.000000000000000000e+00
7.920427327736235812e-01,5.000000000000000000e+00,4.000000000000000000e+00
-3.013837817262554619e-01,5.000000000000000000e+00,4.000000000000000000e+00
6.768992095152209787e-02,5.000000000000000000e+00,4.000000000000000000e+00
5.268564955944288197e-01,5.000000000000000000e+00,4.000000000000000000e+00
4.571911897997067986e-01,5.000000000000000000e+00,4.000000000000000000e+00
7.758354300561449701e-01,5.000000000000000000e+00,2.000000000000000000e+00
9.912746060031932815e-01,1.000000000000000000e+00,4.000000000000000000e+00
-1.196926599892160215e-01,5.000000000000000000e+00,2.000000000000000000e+00
-1.049920707414053744e-01,5.000000000000000000e+00,2.000000000000000000e+00
-7.367056536720739679e-01,1.000000000000000000e+00,4.000000000000000000e+00
-1.534170643283750690e-01,1.000000000000000000e+00,2.000000000000000000e+00
-5.951271819272722086e-01,5.000000000000000000e+00,2.000000000000000000e+00
-5.342148461400247905e-01,5.000000000000000000e+00,4.000000000000000000e+00
-2.079661741747788894e-01,1.000000000000000000e+00,4.000000000000000000e+00
-1.197860820327476122e-01,1.000000000000000000e+00,2.000000000000000000e+00
1.477868166898922642e+00,1.000000000000000000e+00,2.000000000000000000e+00
1.540429304247847853e-01,5.000000000000000000e+00,4.000000000000000000e+00
-1.720878914226509071e-02,1.000000000000000000e+00,2.000000000000000000e+00
-6.552953978906073118e-01,5.000000000000000000e+00,4.000000000000000000e+00
-1.407322291105738810e+00,5.000000000000000000e+00,2.000000000000000000e+00
-1.831651696215241820e+00,1.000000000000000000e+00,2.000000000000000000e+00
9.973470840054340369e-01,5.000000000000000000e+00,4.000000000000000000e+00
-2.112002908281013502e-01,5.000000000000000000e+00,4.000000000000000000e+00
-9.762247480667967103e-01,5.000000000000000000e+00,4.000000000000000000e+00
7.756472039421336007e-01,1.000000000000000000e+00,2.000000000000000000e+00
-1.012912119388972965e+00,1.000000000000000000e+00,4.000000000000000000e+00
-4.691526386124120762e-01,1.000000000000000000e+00,4.000000000000000000e+00
-2.062262212505316938e-02,5.000000000000000000e+00,2.000000000000000000e+00
-9.328962939055064352e-01,1.000000000000000000e+00,4.000000000000000000e+00
-5.093733101292879928e-01,1.000000000000000000e+00,2.000000000000000000e+00
-2.312684963849041819e-01,5.000000000000000000e+00,2.000000000000000000e+00
3.037619079623437579e-01,5.000000000000000000e+00,4.000000000000000000e+00
2.105283358616741651e+00,1.000000000000000000e+00,2.000000000000000000e+00
-8.844754997909741734e-01,5.000000000000000000e+00,2.000000000000000000e+00
-1.045005017660968205e+00,1.000000000000000000e+00,2.000000000000000000e+00
-3.723072579833940354e-01,1.000000000000000000e+00,2.000000000000000000e+00
-1.883922165069725763e+00,5.000000000000000000e+00,2.000000000000000000e+00
6.112023944018794008e-01,5.000000000000000000e+00,2.000000000000000000e+00
1.296644552562279396e+00,1.000000000000000000e+00,2.000000000000000000e+00
-3.363682305241025294e-01,1.000000000000000000e+00,2.000000000000000000e+00
-3.737217856700147389e-01,1.000000000000000000e+00,2.000000000000000000e+00
5.736014468912086217e-01,5.000000000000000000e+00,4.000000000000000000e+00
-2.484199378398426639e+00,1.000000000000000000e+00,2.000000000000000000e+00
1.310872890196696838e+00,5.000000000000000000e+00,2.000000000000000000e+00
1.460260187122703890e+00,5.000000000000000000e+00,2.000000000000000000e+00
-8.742930876806009888e-01,5.000000000000000000e+00,2.000000000000000000e+00
-3.954090432955840728e-01,1.000000000000000000e+00,4.000000000000000000e+00
4.005588048600841056e-01,5.000000000000000000e+00,2.000000000000000000e+00
7.072314077019360434e-01,5.000000000000000000e+00,2.000000000000000000e+00
2.252653574207626352e+00,5.000000000000000000e+00,2.000000000000000000e+00
1.849636750386728090e-01,1.000000000000000000e+00,4.000000000000000000e+00
-8.116169896134671768e-01,5.000000000000000000e+00,4.000000000000000000e+00
5.292422292346621315e-01,5.000000000000000000e+00,2.000000000000000000e+00
-1.718439746529487611e-01,5.000000000000000000e+00,4.000000000000000000e+00
9.840852999026533654e-01,5.000000000000000000e+00,2.000000000000000000e+00
4.566602455032230945e-01,1.000000000000000000e+00,2.000000000000000000e+00
-1.327293295092043968e+00,5.000000000000000000e+00,2.000000000000000000e+00
-2.667572183971548050e+00,5.000000000000000000e+00,4.000000000000000000e+00
-1.978941293670171686e-01,1.000000000000000000e+00,2.000000000000000000e+00
-1.748254647665144601e+00,5.000000000000000000e+00,2.000000000000000000e+00
-1.507719170068894332e+00,5.000000000000000000e+00,2.000000000000000000e+00
-8.225247296476756453e-01,5.000000000000000000e+00,4.000000000000000000e+00
7.175353494845626567e-01,5.000000000000000000e+00,4.000000000000000000e+00
3.306436267500887927e-01,5.000000000000000000e+00,4.000000000000000000e+00
3.716161345723553722e-01,5.000000000000000000e+00,2.000000000000000000e+00
1.831726243166471813e+00,1.000000000000000000e+00,4.000000000000000000e+00
-7.475124118275842111e-01,1.000000000000000000e+00,2.000000000000000000e+00
6.564767689461089573e-01,1.000000000000000000e+00,2.000000000000000000e+00
1.479005545229070906e+00,1.000000000000000000e+00,4.000000000000000000e+00
2.658231140881417431e-01,1.000000000000000000e+00,4.000000000000000000e+00
-1.459923009937645066e-01,1.000000000000000000e+00,2.000000000000000000e+00
-1.233575759732993715e+00,5.000000000000000000e+00,2.000000000000000000e+00
-5.128728587951735252e-01,5.000000000000000000e+00,2.000000000000000000e+00
-3.074733696935280647e-02,5.000000000000000000e+00,2.000000000000000000e+00
5.341238443740846664e-01,5.000000000000000000e+00,2.000000000000000000e+00
-1.426178323186360064e+00,5.000000000000000000e+00,4.000000000000000000e+00
3.474197756810242788e-01,5.000000000000000000e+00,2.000000000000000000e+00
1.708265743311598195e+00,5.000000000000000000e+00,2.000000000000000000e+00
-5.097589589539140986e-01,5.000000000000000000e+00,4.000000000000000000e+00
7.191889369481281324e-01,5.000000000000000000e+00,2.000000000000000000e+00
3.176507403704270094e-01,1.000000000000000000e+00,2.000000000000000000e+00
-1.072031287975008462e+00,5.000000000000000000e+00,2.000000000000000000e+00
6.780727511718508405e-01,1.000000000000000000e+00,2.000000000000000000e+00
-1.006122407613187164e+00,5.000000000000000000e+00,4.000000000000000000e+00
-7.717023143692056109e-02,1.000000000000000000e+00,2.000000000000000000e+00
-1.349923310993816905e+00,1.000000000000000000e+00,2.000000000000000000e+00
