9.443406169383773419e-01,5.000000000000000000e+00,4.000000000000000000e+00
-5.427488751500446351e-02,5.000000000000000000e+00,4.000000000000000000e+00
8.921976801103276289e-01,5.000000000000000000e+00,4.000000000000000000e+00
-6.062568695031623767e-01,1.000000000000000000e+00,4.000000000000000000e+00
5.300489034745810013e-01,1.000000000000000000e+00,4.000000000000000000e+00
6.487469808126641313e-01,5.000000000000000000e+00,4.000000000000000000e+00
-2.511160560853331614e-01,1.000000000000000000e+00,4.000000000000000000e+00
7.713390478429484887e-01,5.000000000000000000e+00,4.000000000000000000e+00
-7.092634833936546368e-01,1.000000000000000000e+00,4.000000000000000000e+00
1.087914323178544411e-02,5.000000000000000000e+00,2.000000000000000000e+00
6.320947611369790442e-01,5.000000000000000000e+00,2.000000000000000000e+00
-3.985755086179231244e-01,5.000000000000000000e+00,4.000000000000000000e+00
-2.991427873858897302e-01,1.000000000000000000e+00,2.000000000000000000e+00
-5.293271609550113110e-01,5.000000000000000000e+00,2.000000000000000000e+00
-3.330094392169145878e-02,1.000000000000000000e+00,4.000000000000000000e+00
9.848078634242422025e-01,5.000000000000000000e+00,4.000000000000000000e+00
7.255821028324611899e-02,5.000000000000000000e+00,2.000000000000000000e+00
-9.595331685252684872e-01,1.000000000000000000e+00,4.000000000000000000e+00
7.963210277294956452e-01,1.000000000000000000e+00,2.000000000000000000e+00
-5.931912636383271931e-01,1.000000000000000000e+00,4.000000000000000000e+00
7.532939932473059486e-01,1.000000000000000000e+00,4.000000000000000000e+00
7.897564531210534700e-01,5.000000000000000000e+00,2.000000000000000000e+00
-2.327613709076820747e+00,1.000000000000000000e+00,4.000000000000000000e+00
1.432669328281813037e+00,1.000000000000000000e+00,2.000000000000000000e+00
-3.596134363938467970e-01,5.000000000000000000e+00,4.000000000000000000e+00
-2.050472570700898334e-01,1.000000000000000000e+00,4.000000000000000000e+00
-1.184815136862096274e-01,5.000000000000000000e+00,4.000000000000000000e+00
9.676060620833922821e-01,1.000000000000000000e+00,2.000000000000000000e+00
4.480389120238337242e-01,5.000000000000000000e+00,4.000000000000000000e+00
1.587148657043236044e+00,1.000000000000000000e+00,4.000000000000000000e+00
-2.202827367114322532e-01,5.000000000000000000e+00,4.000000000000000000e+00
-3.934969076181059067e-01,5.000000000000000000e+00,2.000000000000000000e+00
1.036286877757613079e+00,5.000000000000000000e+00,4.000000000000000000e+00
-4.896311503241643215e-01,1.000000000000000000e+00,2.000000000000000000e+00
6.474107235163110152e-01,5.000000000000000000e+00,2.000000000000000000e+00
-6.709493566651855145e-01,5.000000000000000000e+00,2.000000000000000000e+00
9.043213187599314917e-01,1.000000000000000000e+00,2.000000000000000000e+00
4.538451909882302432e-02,5.000000000000000000e+00,4.000000000000000000e+00
-1.459506670223501001e-01,1.000000000000000000e+00,4.000000000000000000e+00
1.048475391628299835e+00,5.000000000000000000e+00,2.000000000000000000e+00
-1.109351344567994918e-01,5.000000000000000000e+00,4.000000000000000000e+00
1.568237399304745594e+00,5.000000000000000000e+00,4.000000000000000000e+00
-1.895540270603916166e+00,1.000000000000000000e+00,4.000000000000000000e+00
6.660858480212621113e-02,5.000000000000000000e+00,4.000000000000000000e+00
7.520613725355963508e-01,5.000000000000000000e+00,2.000000000000000000e+00
-6.581317986691015420e-01,1.000000000000000000e+00,2.000000000000000000e+00
1.307919330559830895e+00,5.000000000000000000e+00,2.000000000000000000e+00
3.707791078092952941e-01,1.000000000000000000e+00,2.000000000000000000e+00
-4.002050673452342000e-01,1.000000000000000000e+00,4.000000000000000000e+00
-4.200863512676068501e-01,1.000000000000000000e+00,4.000000000000000000e+00
-9.485140613061139314e-01,1.000000000000000000e+00,4.000000000000000000e+00
8.635736668901326796e-02,5.000000000000000000e+00,2.000000000000000000e+00
-5.566710661542753069e-01,1.000000000000000000e+00,2.000000000000000000e+00
-1.643623276492393259e+00,5.000000000000000000e+00,2.000000000000000000e+00
4.200705890027801037e-01,5.000000000000000000e+00,4.000000000000000000e+00
1.082060222727257326e+00,5.000000000000000000e+00,4.000000000000000000e+00
1.028636886577874776e+00,5.000000000000000000e+00,4.000000000000000000e+00
1.095263908574760775e-01,1.000000000000000000e+00,2.000000000000000000e+00
-1.118140909925404713e+00,5.000000000000000000e+00,4.000000000000000000e+00
1.717633651213679169e+00,1.000000000000000000e+00,4.000000000000000000e+00
-1.341560377789451808e+00,5.000000000000000000e+00,2.000000000000000000e+00
2.868598678207351926e-01,1.000000000000000000e+00,2.000000000000000000e+00
3.083413766189542771e-01,5.000000000000000000e+00,2.000000000000000000e+00
4.753393420824355564e-01,5.000000000000000000e+00,2.000000000000000000e+00
2.431285223294802345e-01,5.000000000000000000e+00,2.000000000000000000e+00
-1.148619348933310524e+00,1.000000000000000000e+00,4.000000000000000000e+00
-1.421176321662606767e+00,1.000000000000000000e+00,2.000000000000000000e+00
-3.033042624378807020e-03,5.000000000000000000e+00,2.000000000000000000e+00
-7.281812676325477574e-01,5.000000000000000000e+00,4.000000000000000000e+00
-1.051082266494306028e+00,5.000000000000000000e+00,2.000000000000000000e+00
1.530337677428153242e-01,5.000000000000000000e+00,4.000000000000000000e+00
-6.391588387488107426e-01,5.000000000000000000e+00,4.000000000000000000e+00
9.483286444030165629e-01,1.000000000000000000e+00,2.000000000000000000e+00
-3.357517628072262394e-01,1.000000000000000000e+00,4.000000000000000000e+00
-2.189867067283320701e+00,5.000000000000000000e+00,2.000000000000000000e+00
1.023962719242649810e-01,1.000000000000000000e+00,4.000000000000000000e+00
-5.481956397760118227e-01,5.000000000000000000e+00,4.000000000000000000e+00
4.251068138595791579e-01,5.000000000000000000e+00,2.000000000000000000e+00
1.268466135228300429e+00,1.000000000000000000e+00,2.000000000000000000e+00
9.111342944421465528e-01,5.000000000000000000e+00,4.000000000000000000e+00
2.342691115463101659e-01,5.000000000000000000e+00,2.000000000000000000e+00
6.689103319183353769e-01,5.000000000000000000e+00,2.000000000000000000e+00
1.304508252957827796e+00,1.000000000000000000e+00,2.000000000000000000e+00
1.837607345657976010e+00,5.000000000000000000e+00,2.000000000000000000e+00
-9.569828996604902160e-01,5.000000000000000000e+00,2.000000000000000000e+00
1.660447691349702382e-01,5.000000000000000000e+00,4.000000000000000000e+00
-6.174070772981198330e-01,5.000000000000000000e+00,4.000000000000000000e+00
1.241508635618898820e-01,5.000000000000000000e+00,2.000000000000000000e+00
-2.413864177875170991e-01,5.000000000000000000e+00,2.000000000000000000e+00
-2.386270551029727294e+00,5.000000000000000000e+00,4.000000000000000000e+00
7.983606279453924204e-01,5.000000000000000000e+00,2.000000000000000000e+00
9.148124059044769885e-01,5.000000000000000000e+00,2.000000000000000000e+00
1.497373832401589722e+00,5.000000000000000000e+00,2.000000000000000000e+00
-3.630493332885235680e-01,1.000000000000000000e+00,4.000000000000000000e+00
-5.043465318903301436e-02,5.000000000000000000e+00,4.000000000000000000e+00
-1.233802552024299892e+00,1.000000000000000000e+00,2.000000000000000000e+00
-8.757661295854567152e-02,1.000000000000000000e+00,4.000000000000000000e+00
-1.327476603309885705e+00,1.000000000000000000e+00,4.000000000000000000e+00
-4.302072541905175296e-01,1.000000000000000000e+00,2.000000000000000000e+00
2.527692929839539526e-01,5.000000000000000000e+00,4.000000000000000000e+00
-5.288793631212366231e-01,5.000000000000000000e+00,2.000000000000000000e+00
-5.255448158514718360e-01,5.000000000000000000e+00,2.000000000000000000e+00
-3.308556550441114075e-01,1.000000000000000000e+00,2.000000000000000000e+00
3.575936277196250512e-01,1.000000000000000000e+00,4.000000000000000000e+00
-3.443925849732076272e-01,1.000000000000000000e+00,4.000000000000000000e+00
-5.309421548373091104e-01,5.000000000000000000e+00,4.000000000000000000e+00
-1.354218684958787833e+00,1.000000000000000000e+00,2.000000000000000000e+00
-1.155841301809075405e+00,5.000000000000000000e+00,4.000000000000000000e+00
1.391366657172927512e+00,1.000000000000000000e+00,4.000000000000000000e+00
3.820467331581410275e-01,1.000000000000000000e+00,2.000000000000000000e+00
4.748018549497320384e-01,1.000000000000000000e+00,4.000000000000000000e+00
-9.241995714653707950e-01,5.000000000000000000e+00,4.000000000000000000e+00
-1.270704298828500556e-01,5.000000000000000000e+00,2.000000000000000000e+00
1.525814538028553713e-01,1.000000000000000000e+00,2.000000000000000000e+00
1.058933688083918190e+00,1.000000000000000000e+00,2.000000000000000000e+00
-1.325051269496675843e+00,1.000000000000000000e+00,2.000000000000000000e+00
-8.148741830464347746e-01,1.000000000000000000e+00,2.000000000000000000e+00
-1.749046661902169619e+00,1.000000000000000000e+00,4.000000000000000000e+00
5.216092672745904490e-01,1.000000000000000000e+00,4.000000000000000000e+00
1.532773328229446230e+00,1.000000000000000000e+00,4.000000000000000000e+00
1.361215686547253279e-01,1.000000000000000000e+00,4.000000000000000000e+00
-1.420060942965351236e+00,1.000000000000000000e+00,4.000000000000000000e+00
-1.790583200828574251e+00,5.000000000000000000e+00,4.000000000000000000e+00
1.376362690606106887e-01,5.000000000000000000e+00,4.000000000000000000e+00
-7.379442611672175634e-01,1.000000000000000000e+00,4.000000000000000000e+00
1.799367074660988886e+00,5.000000000000000000e+00,4.000000000000000000e+00
1.745095261788996543e+00,1.000000000000000000e+00,2.000000000000000000e+00
-5.165691649886426651e-02,1.000000000000000000e+00,4.000000000000000000e+00
1.677495789808735593e-01,1.000000000000000000e+00,4.000000000000000000e+00
1.131969811412361082e+00,1.000000000000000000e+00,2.000000000000000000e+00
1.001576838986351081e+00,5.000000000000000000e+00,4.000000000000000000e+00
5.869931108381801765e-01,1.000000000000000000e+00,4.000000000000000000e+00
4.921910836536682043e-01,1.000000000000000000e+00,2.000000000000000000e+00
-2.120393891532661168e-01,1.000000000000000000e+00,4.000000000000000000e+00
-1.254872407748284013e+00,1.000000000000000000e+00,2.000000000000000000e+00
1.866432745482309530e+00,5.000000000000000000e+00,4.000000000000000000e+00
2.171661214546662388e-01,1.000000000000000000e+00,2.000000000000000000e+00
1.919493522734792845e-01,5.000000000000000000e+00,4.000000000000000000e+00
5.897056678572917265e-01,1.000000000000000000e+00,2.000000000000000000e+00
1.729245677265758840e-01,1.000000000000000000e+00,4.000000000000000000e+00
-2.148450735105985332e-01,1.000000000000000000e+00,4.000000000000000000e+00
-1.307739054633702880e+00,1.000000000000000000e+00,4.000000000000000000e+00
-3.634633671548238854e-02,5.000000000000000000e+00,2.000000000000000000e+00
1.207991244061918712e+00,1.000000000000000000e+00,4.000000000000000000e+00
-1.489639016696477247e+00,1.000000000000000000e+00,4.000000000000000000e+00
-4.793675639258982990e-01,1.000000000000000000e+00,4.000000000000000000e+00
5.379827204674237917e-01,5.000000000000000000e+00,2.000000000000000000e+00
7.564058166836025165e-01,5.000000000000000000e+00,2.000000000000000000e+00
-7.356006698204005101e-01,1.000000000000000000e+00,2.000000000000000000e+00
-9.583606099492695263e-01,5.000000000000000000e+00,4.000000000000000000e+00
-1.141165864230510252e+00,5.000000000000000000e+00,4.000000000000000000e+00
2.880684262835794818e-01,1.000000000000000000e+00,2.000000000000000000e+00
-1.818016154932224238e+00,1.000000000000000000e+00,2.000000000000000000e+00
-1.666928670103467347e+00,5.000000000000000000e+00,4.000000000000000000e+00
-7.529883543720590489e-02,5.000000000000000000e+00,2.000000000000000000e+00
-1.819424731118969962e+00,5.000000000000000000e+00,4.000000000000000000e+00
-3.909274837189134488e-01,1.000000000000000000e+00,4.000000000000000000e+00
1.330617173487358418e-01,1.000000000000000000e+00,2.000000000000000000e+00
-2.525906676218002689e-01,1.000000000000000000e+00,4.000000000000000000e+00
7.072815074930417500e-01,1.000000000000000000e+00,2.000000000000000000e+00
9.392378024573518058e-02,1.000000000000000000e+00,2.000000000000000000e+00
-1.398514306800158424e+00,5.000000000000000000e+00,4.000000000000000000e+00
-1.025035523902173562e+00,5.000000000000000000e+00,4.000000000000000000e+00
-1.257501399562618527e+00,5.000000000000000000e+00,4.000000000000000000e+00
-8.847915021160227544e-01,5.000000000000000000e+00,4.000000000000000000e+00
9.389440873590909620e-01,5.000000000000000000e+00,4.000000000000000000e+00
-4.661080958887995340e-01,5.000000000000000000e+00,4.000000000000000000e+00
1.079601566757030368e-01,5.000000000000000000e+00,4.000000000000000000e+00
1.211446040023277604e+00,5.000000000000000000e+00,4.000000000000000000e+00
2.791195143536664425e-01,5.000000000000000000e+00,4.000000000000000000e+00
4.835180182510402935e-01,5.000000000000000000e+00,4.000000000000000000e+00
-3.106796546442655571e-01,5.000000000000000000e+00,4.000000000000000000e+00
-9.152033440711530021e-01,5.000000000000000000e+00,2.000000000000000000e+00
5.947577204133153161e-01,5.000000000000000000e+00,2.000000000000000000e+00
-1.701305788205726977e-01,5.000000000000000000e+00,4.000000000000000000e+00
-9.518097033454962774e-02,1.000000000000000000e+00,4.000000000000000000e+00
-1.649008023824561908e-01,1.000000000000000000e+00,2.000000000000000000e+00
-2.860058802848829962e-01,1.000000000000000000e+00,2.000000000000000000e+00
1.473944133924676825e+00,1.000000000000000000e+00,2.000000000000000000e+00
7.303172733020153740e-02,5.000000000000000000e+00,4.000000000000000000e+00
1.354609758023404664e+00,1.000000000000000000e+00,4.000000000000000000e+00
1.136440858527586473e+00,1.000000000000000000e+00,2.000000000000000000e+00
-1.689199914433144434e+00,1.000000000000000000e+00,4.000000000000000000e+00
1.472613394317394686e-01,1.000000000000000000e+00,2.000000000000000000e+00
4.654394941287928744e-01,5.000000000000000000e+00,4.000000000000000000e+00
1.440960001405786173e+00,1.000000000000000000e+00,2.000000000000000000e+00
-1.126139521465524762e+00,1.000000000000000000e+00,4.000000000000000000e+00
6.769509914164484332e-01,5.000000000000000000e+00,2.000000000000000000e+00
-9.970246302839277375e-01,1.000000000000000000e+00,4.000000000000000000e+00
-9.130056262178196103e-02,1.000000000000000000e+00,4.000000000000000000e+00
2.231394760808467659e+00,1.000000000000000000e+00,2.000000000000000000e+00
2.002597980449914369e-02,1.000000000000000000e+00,4.000000000000000000e+00
-1.828653143204737708e+00,1.000000000000000000e+00,2.000000000000000000e+00
-7.114493529900750568e-01,1.000000000000000000e+00,2.000000000000000000e+00
-8.371231795854305879e-01,1.000000000000000000e+00,4.000000000000000000e+00
-4.735325746117068912e-01,1.000000000000000000e+00,4.000000000000000000e+00
-7.622340167099898034e-01,1.000000000000000000e+00,2.000000000000000000e+00
-4.253686883897987991e-01,1.000000000000000000e+00,2.000000000000000000e+00
-1.272649013996273171e+00,5.000000000000000000e+00,2.000000000000000000e+00
-2.687923070803417858e+00,1.000000000000000000e+00,4.000000000000000000e+00
6.963322648686577354e-01,1.000000000000000000e+00,4.000000000000000000e+00
-5.611434878353818156e-01,1.000000000000000000e+00,2.000000000000000000e+00
-5.000858333786705190e-01,5.000000000000000000e+00,4.000000000000000000e+00
-7.208772699734576628e-02,1.000000000000000000e+00,4.000000000000000000e+00
6.916412591943001953e-01,5.000000000000000000e+00,4.000000000000000000e+00
1.192993817432773940e-01,1.000000000000000000e+00,2.000000000000000000e+00
1.777858035254232361e+00,1.000000000000000000e+00,4.000000000000000000e+00
-1.866868732851399537e+00,1.000000000000000000e+00,4.000000000000000000e+00
1.246442902174227152e+00,5.000000000000000000e+00,4.000000000000000000e+00
1.806465115332108295e+00,1.000000000000000000e+00,2.000000000000000000e+00
-5.894528258087303740e-01,5.000000000000000000e+00,4.000000000000000000e+00
3.720488763121426734e-01,5.000000000000000000e+00,4.000000000000000000e+00
-5.241703730821299922e-01,1.000000000000000000e+00,4.000000000000000000e+00
-5.169152922992156229e-01,1.000000000000000000e+00,2.000000000000000000e+00
-7.756286650114833092e-01,1.000000000000000000e+00,2.000000000000000000e+00
-7.656478734751593906e-01,5.000000000000000000e+00,4.000000000000000000e+00
-6.825414343272171447e-01,5.000000000000000000e+00,2.000000000000000000e+00
-1.102031761151986755e+00,5.000000000000000000e+00,2.000000000000000000e+00
-1.456297494252250857e+00,1.000000000000000000e+00,4.000000000000000000e+00
6.298101350236550156e-01,1.000000000000000000e+00,2.000000000000000000e+00
6.454337382829238301e-01,5.000000000000000000e+00,2.000000000000000000e+00
3.513897189601926097e-01,1.000000000000000000e+00,4.000000000000000000e+00
-6.864395623081748221e-01,5.000000000000000000e+00,4.000000000000000000e+00
5.445232664996104699e-01,1.000000000000000000e+00,4.000000000000000000e+00
1.048823640396044921e+00,5.000000000000000000e+00,2.000000000000000000e+00
6.268411642493671998e-01,1.000000000000000000e+00,4.000000000000000000e+00
-1.453973982621506122e+00,5.000000000000000000e+00,2.000000000000000000e+00
5.102811051255443098e-02,1.000000000000000000e+00,2.000000000000000000e+00
-8.594569171972279986e-02,1.000000000000000000e+00,4.000000000000000000e+00
-2.832422109347267347e-01,5.000000000000000000e+00,2.000000000000000000e+00
1.679056693594996430e+00,5.000000000000000000e+00,4.000000000000000000e+00
1.451537760525552917e-02,5.000000000000000000e+00,2.000000000000000000e+00
-2.791758358578334126e-02,5.000000000000000000e+00,2.000000000000000000e+00
-1.873184077324781260e-02,5.000000000000000000e+00,2.000000000000000000e+00
1.507109817928685924e+00,1.000000000000000000e+00,4.000000000000000000e+00
-1.542914671929034864e-01,1.000000000000000000e+00,2.000000000000000000e+00
4.726118693160984430e-01,5.000000000000000000e+00,2.000000000000000000e+00
-6.187884302630691780e-01,5.000000000000000000e+00,2.000000000000000000e+00
-2.764729611168089685e-01,1.000000000000000000e+00,4.000000000000000000e+00
-5.489035404727437006e-01,5.000000000000000000e+00,4.000000000000000000e+00
1.093951844528408435e+00,1.000000000000000000e+00,4.000000000000000000e+00
-1.659482200964527143e+00,5.000000000000000000e+00,4.000000000000000000e+00
1.236846138064415124e+00,5.000000000000000000e+00,2.000000000000000000e+00
-1.030464639879663302e+00,1.000000000000000000e+00,2.000000000000000000e+00
-2.547057612817801853e-01,1.000000000000000000e+00,2.000000000000000000e+00
-1.380706672712738448e-01,5.000000000000000000e+00,4.000000000000000000e+00
-1.673280882355072663e-01,1.000000000000000000e+00,4.000000000000000000e+00
-1.674876223412078868e+00,1.000000000000000000e+00,4.000000000000000000e+00
-1.729439946309269116e+00,5.000000000000000000e+00,4.000000000000000000e+00
-1.132442152633554411e+00,1.000000000000000000e+00,2.000000000000000000e+00
-5.451218216757254265e-01,5.000000000000000000e+00,4.000000000000000000e+00
-2.163208900630547493e+00,1.000000000000000000e+00,4.000000000000000000e+00
8.997549062407493858e-01,5.000000000000000000e+00,4.000000000000000000e+00
3.500450598556079651e-01,1.000000000000000000e+00,4.000000000000000000e+00
1.928026735017686066e-01,5.000000000000000000e+00,2.000000000000000000e+00
-7.251921945259818258e-01,5.000000000000000000e+00,4.000000000000000000e+00
1.325548341375598183e+00,5.000000000000000000e+00,2.000000000000000000e+00
4.096966322239909419e-01,1.000000000000000000e+00,2.000000000000000000e+00
5.148114220623595250e-01,1.000000000000000000e+00,2.000000000000000000e+00
-1.540765533731653036e+00,5.000000000000000000e+00,4.000000000000000000e+00
1.226013970673637044e+00,1.000000000000000000e+00,4.000000000000000000e+00
-6.011183898962887406e-01,1.000000000000000000e+00,2.000000000000000000e+00
-9.354396343469951747e-01,1.000000000000000000e+00,2.000000000000000000e+00
1.752923786517476934e+00,5.000000000000000000e+00,4.000000000000000000e+00
1.256506478427234619e+00,5.000000000000000000e+00,4.000000000000000000e+00
2.553690758916014603e-01,1.000000000000000000e+00,4.000000000000000000e+00
1.252928579104608309e+00,1.000000000000000000e+00,2.000000000000000000e+00
-9.181965654538638832e-02,1.000000000000000000e+00,2.000000000000000000e+00
1.716101189262003945e+00,1.000000000000000000e+00,4.000000000000000000e+00
3.974564592672416019e-01,1.000000000000000000e+00,4.000000000000000000e+00
7.310533944015419339e-01,5.000000000000000000e+00,4.000000000000000000e+00
-1.300259898284046978e+00,5.000000000000000000e+00,2.000000000000000000e+00
-1.311847669990695797e+00,5.000000000000000000e+00,4.000000000000000000e+00
-1.230585595403555610e+00,1.000000000000000000e+00,4.000000000000000000e+00
4.223311641055542132e-01,5.000000000000000000e+00,2.000000000000000000e+00
3.291086852323184542e-01,1.000000000000000000e+00,4.000000000000000000e+00
1.496720196751887499e+00,1.000000000000000000e+00,2.000000000000000000e+00
2.429426272119866448e-01,1.000000000000000000e+00,4.000000000000000000e+00
1.511193173977552484e-01,5.000000000000000000e+00,4.000000000000000000e+00
-2.062744678989504976e+00,1.000000000000000000e+00,4.000000000000000000e+00
-9.422315201452035049e-01,1.000000000000000000e+00,4.000000000000000000e+00
-6.542359307529697077e-01,1.000000000000000000e+00,4.000000000000000000e+00
4.332745122615850875e-01,5.000000000000000000e+00,4.000000000000000000e+00
-6.627594912907611713e-01,5.000000000000000000e+00,2.000000000000000000e+00
-1.407037818354499370e+00,1.000000000000000000e+00,2.000000000000000000e+00
3.977782219551068699e-01,1.000000000000000000e+00,4.000000000000000000e+00
5.448189932401167335e-01,5.000000000000000000e+00,2.000000000000000000e+00
9.792839563218218579e-01,1.000000000000000000e+00,2.000000000000000000e+00
-4.434597844843976566e-01,1.000000000000000000e+00,2.000000000000000000e+00
7.432239114690064596e-02,1.000000000000000000e+00,2.000000000000000000e+00
-1.946417407171188163e+00,1.000000000000000000e+00,4.000000000000000000e+00
-6.321933612395945756e-01,5.000000000000000000e+00,4.000000000000000000e+00
3.008157624898809002e-01,1.000000000000000000e+00,4.000000000000000000e+00
-4.578353509427527945e-01,5.000000000000000000e+00,4.000000000000000000e+00
4.672547503582669126e-01,5.000000000000000000e+00,4.000000000000000000e+00
-1.272413560901158647e+00,1.000000000000000000e+00,2.000000000000000000e+00
-1.778029145034865310e+00,1.000000000000000000e+00,2.000000000000000000e+00
3.190135366232400016e-01,1.000000000000000000e+00,2.000000000000000000e+00
1.668051950685930929e-01,1.000000000000000000e+00,2.000000000000000000e+00
2.002561145476554394e+00,5.000000000000000000e+00,4.000000000000000000e+00
-2.233444834626582554e-01,5.000000000000000000e+00,2.000000000000000000e+00
5.825126697905258673e-03,1.000000000000000000e+00,4.000000000000000000e+00
-3.398744124473458972e-01,1.000000000000000000e+00,4.000000000000000000e+00
3.691921839575453279e-01,1.000000000000000000e+00,2.000000000000000000e+00
6.390770990935017160e-02,1.000000000000000000e+00,2.000000000000000000e+00
-2.134603200154683300e-02,1.000000000000000000e+00,2.000000000000000000e+00
4.613426987689123182e-01,5.000000000000000000e+00,2.000000000000000000e+00
-1.103237869756462430e+00,5.000000000000000000e+00,2.000000000000000000e+00
2.596441624400254722e-01,1.000000000000000000e+00,4.000000000000000000e+00
-8.178663655359735829e-01,5.000000000000000000e+00,4.000000000000000000e+00
2.171438097864182293e+00,5.000000000000000000e+00,2.000000000000000000e+00
3.529144933934658668e-01,5.000000000000000000e+00,2.000000000000000000e+00
-6.848359502623417860e-01,5.000000000000000000e+00,4.000000000000000000e+00
-4.604698590900316857e-01,5.000000000000000000e+00,2.000000000000000000e+00
-8.223928952554924177e-01,5.000000000000000000e+00,2.000000000000000000e+00
4.074084207646118116e-01,5.000000000000000000e+00,2.000000000000000000e+00
2.257406608196322662e+00,5.000000000000000000e+00,2.000000000000000000e+00
-6.875415278582490408e-02,1.000000000000000000e+00,4.000000000000000000e+00
-2.069917693290685978e+00,5.000000000000000000e+00,2.000000000000000000e+00
-1.842118332289307325e+00,5.000000000000000000e+00,4.000000000000000000e+00
-8.767483506316023356e-02,5.000000000000000000e+00,2.000000000000000000e+00
3.573377972198237273e-01,5.000000000000000000e+00,2.000000000000000000e+00
8.786231320586498361e-01,5.000000000000000000e+00,2.000000000000000000e+00
-1.429732129610746583e+00,1.000000000000000000e+00,2.000000000000000000e+00
5.356940579785652856e-01,5.000000000000000000e+00,2.000000000000000000e+00
-9.389273803364373006e-01,5.000000000000000000e+00,2.000000000000000000e+00
-4.082065949777832214e-01,1.000000000000000000e+00,4.000000000000000000e+00
5.980442416756138330e-02,1.000000000000000000e+00,4.000000000000000000e+00
6.976815579841320059e-01,5.000000000000000000e+00,2.000000000000000000e+00
1.865449205343350930e-02,1.000000000000000000e+00,2.000000000000000000e+00
2.278438405080388321e-02,1.000000000000000000e+00,2.000000000000000000e+00
-1.962637633386100866e+00,1.000000000000000000e+00,4.000000000000000000e+00
4.150022777995287515e-01,1.000000000000000000e+00,4.000000000000000000e+00
-9.316607110019056170e-01,5.000000000000000000e+00,2.000000000000000000e+00
6.002080695883053041e-01,1.000000000000000000e+00,2.000000000000000000e+00
-7.595141407552765678e-01,5.000000000000000000e+00,2.000000000000000000e+00
6.556665811839905711e-01,5.000000000000000000e+00,4.000000000000000000e+00
-3.468444432191432614e-01,1.000000000000000000e+00,2.000000000000000000e+00
4.218942063585960911e-01,1.000000000000000000e+00,2.000000000000000000e+00
8.374802461663380382e-02,5.000000000000000000e+00,2.000000000000000000e+00
-2.367665115054907066e+00,5.000000000000000000e+00,2.000000000000000000e+00
-3.855789101013216147e-01,1.000000000000000000e+00,4.000000000000000000e+00
1.579577858563453452e+00,5.000000000000000000e+00,2.000000000000000000e+00
-5.504238262564741246e-01,1.000000000000000000e+00,2.000000000000000000e+00
1.325657414564089809e-01,1.000000000000000000e+00,2.000000000000000000e+00
-1.158853496714763898e+00,5.000000000000000000e+00,4.000000000000000000e+00
-5.811455509708303158e-01,5.000000000000000000e+00,4.000000000000000000e+00
-4.561000799899394553e-01,1.000000000000000000e+00,2.000000000000000000e+00
-7.473248488577375337e-01,1.000000000000000000e+00,4.000000000000000000e+00
3.977063859064270956e-01,1.000000000000000000e+00,2.000000000000000000e+00
-7.411079206776212125e-01,5.000000000000000000e+00,2.000000000000000000e+00
-1.632430536457541770e+00,5.000000000000000000e+00,4.000000000000000000e+00
6.036963054380274363e-01,5.000000000000000000e+00,4.000000000000000000e+00
-5.091174248373036004e-01,1.000000000000000000e+00,4.000000000000000000e+00
-1.163406462884656989e+00,1.000000000000000000e+00,2.000000000000000000e+00
2.344913235861916245e-01,5.000000000000000000e+00,2.000000000000000000e+00
-1.734444840191491921e-01,1.000000000000000000e+00,2.000000000000000000e+00
1.445418541163031867e-01,5.000000000000000000e+00,4.000000000000000000e+00
-5.608342276855617925e-01,1.000000000000000000e+00,4.000000000000000000e+00
-8.698569962270978895e-01,1.000000000000000000e+00,2.000000000000000000e+00
-9.374467393515430180e-02,1.000000000000000000e+00,2.000000000000000000e+00
-7.199571936328237332e-01,5.000000000000000000e+00,4.000000000000000000e+00
5.292383198779285758e-01,5.000000000000000000e+00,4.000000000000000000e+00
-6.082743005759849719e-01,5.000000000000000000e+00,2.000000000000000000e+00
-1.986972357662027122e-01,5.000000000000000000e+00,4.000000000000000000e+00
3.619667212052022909e-01,5.000000000000000000e+00,2.000000000000000000e+00
1.404763913480679971e+00,1.000000000000000000e+00,4.000000000000000000e+00
5.813032141095731964e-01,5.000000000000000000e+00,2.000000000000000000e+00
1.156538107096954926e-01,5.000000000000000000e+00,2.000000000000000000e+00
-1.675465326724957293e+00,1.000000000000000000e+00,4.000000000000000000e+00
2.304692053597453549e-01,5.000000000000000000e+00,4.000000000000000000e+00
1.547955702044747861e+00,5.000000000000000000e+00,2.000000000000000000e+00
-1.329919619477246906e+00,5.000000000000000000e+00,4.000000000000000000e+00
1.867309424553714958e+00,1.000000000000000000e+00,2.000000000000000000e+00
7.898293660831708918e-01,1.000000000000000000e+00,4.000000000000000000e+00
1.837138886293844531e-01,5.000000000000000000e+00,4.000000000000000000e+00
7.665854174632088514e-01,1.000000000000000000e+00,2.000000000000000000e+00
-1.126808578025093821e+00,1.000000000000000000e+00,2.000000000000000000e+00
-2.032835222742262193e-01,5.000000000000000000e+00,2.000000000000000000e+00
1.533843483188042756e+00,1.000000000000000000e+00,2.000000000000000000e+00
1.922064899916203329e+00,5.000000000000000000e+00,2.000000000000000000e+00
9.326291462833219414e-01,1.000000000000000000e+00,4.000000000000000000e+00
1.464575078228013361e+00,1.000000000000000000e+00,4.000000000000000000e+00
-2.268134321450462620e-01,5.000000000000000000e+00,2.000000000000000000e+00
-9.250953946205461853e-02,5.000000000000000000e+00,4.000000000000000000e+00
2.373816492267917522e-02,5.000000000000000000e+00,2.000000000000000000e+00
3.138632817190432633e-01,1.000000000000000000e+00,4.000000000000000000e+00
-6.595737826795036729e-02,1.000000000000000000e+00,4.000000000000000000e+00
-1.538368885042810330e+00,5.000000000000000000e+00,2.000000000000000000e+00
1.025374571572574611e+00,1.000000000000000000e+00,4.000000000000000000e+00
8.244449098266646292e-01,1.000000000000000000e+00,4.000000000000000000e+00
-3.459147814791280195e-01,5.000000000000000000e+00,2.000000000000000000e+00
-1.484087551143963291e-01,5.000000000000000000e+00,4.000000000000000000e+00
-6.608794207322464809e-01,1.000000000000000000e+00,4.000000000000000000e+00
8.702156409782660917e-01,1.000000000000000000e+00,4.000000000000000000e+00
4.773466644868014086e-01,1.000000000000000000e+00,4.000000000000000000e+00
-4.934619229449507122e-02,1.000000000000000000e+00,2.000000000000000000e+00
-1.840889444624110638e+00,5.000000000000000000e+00,2.000000000000000000e+00
-1.096524823377265756e+00,5.000000000000000000e+00,2.000000000000000000e+00
-5.469332083042842685e-01,5.000000000000000000e+00,2.000000000000000000e+00
1.306685451097660433e+00,1.000000000000000000e+00,4.000000000000000000e+00
-1.348516057260109591e+00,5.000000000000000000e+00,2.000000000000000000e+00
2.471389927135794473e-01,5.000000000000000000e+00,2.000000000000000000e+00
1.521976492871225828e+00,1.000000000000000000e+00,4.000000000000000000e+00
-3.713986132329598067e-01,5.000000000000000000e+00,4.000000000000000000e+00
-2.126073637684559592e-01,1.000000000000000000e+00,4.000000000000000000e+00
4.231344078664962538e-01,1.000000000000000000e+00,2.000000000000000000e+00
2.733014840705478399e+00,1.000000000000000000e+00,2.000000000000000000e+00
-5.540259995564101869e-01,1.000000000000000000e+00,4.000000000000000000e+00
6.614367368141614856e-01,5.000000000000000000e+00,2.000000000000000000e+00
5.991353652168418531e-01,1.000000000000000000e+00,4.000000000000000000e+00
-3.599093584414924107e-01,5.000000000000000000e+00,4.000000000000000000e+00
2.392561646710520407e+00,5.000000000000000000e+00,4.000000000000000000e+00
5.233127138114185284e-01,1.000000000000000000e+00,2.000000000000000000e+00
-1.587915174201807389e+00,5.000000000000000000e+00,4.000000000000000000e+00
-2.636394827254580076e-01,5.000000000000000000e+00,2.000000000000000000e+00
1.685027719103016519e+00,5.000000000000000000e+00,4.000000000000000000e+00
-2.540853835770331970e-01,1.000000000000000000e+00,4.000000000000000000e+00
5.745769139004247572e-01,1.000000000000000000e+00,2.000000000000000000e+00
-4.775062904143534404e-01,1.000000000000000000e+00,2.000000000000000000e+00
8.801975575040482669e-01,5.000000000000000000e+00,2.000000000000000000e+00
7.065020393188210512e-01,1.000000000000000000e+00,4.000000000000000000e+00
-9.444454964787898366e-01,5.000000000000000000e+00,4.000000000000000000e+00
-1.561874588690382593e-01,1.000000000000000000e+00,4.000000000000000000e+00
1.557381198111186249e+00,5.000000000000000000e+00,4.000000000000000000e+00
-6.171310152076036060e-01,5.000000000000000000e+00,2.000000000000000000e+00
-3.013303410457159881e-01,1.000000000000000000e+00,2.000000000000000000e+00
-3.905800107068652105e-01,1.000000000000000000e+00,4.000000000000000000e+00
6.157787293133198947e-01,1.000000000000000000e+00,2.000000000000000000e+00
5.181277533986418105e-01,5.000000000000000000e+00,2.000000000000000000e+00
-1.068172768107973347e+00,1.000000000000000000e+00,4.000000000000000000e+00
1.031449625213632704e+00,1.000000000000000000e+00,4.000000000000000000e+00
7.922295547202006238e-01,5.000000000000000000e+00,2.000000000000000000e+00
-2.936043256335451601e-01,1.000000000000000000e+00,2.000000000000000000e+00
1.902922365598232579e+00,1.000000000000000000e+00,4.000000000000000000e+00
8.343285821666314162e-01,5.000000000000000000e+00,4.000000000000000000e+00
3.693093873307990438e-01,1.000000000000000000e+00,2.000000000000000000e+00
-3.582432779779260446e-01,5.000000000000000000e+00,2.000000000000000000e+00
-2.680312991804456590e-01,5.000000000000000000e+00,2.000000000000000000e+00
-1.832798579392166172e+00,1.000000000000000000e+00,2.000000000000000000e+00
-3.073848262433306888e-01,5.000000000000000000e+00,2.000000000000000000e+00
1.977405667176942217e+00,1.000000000000000000e+00,2.000000000000000000e+00
6.416698225701872316e-01,1.000000000000000000e+00,2.000000000000000000e+00
1.051465641278670482e+00,5.000000000000000000e+00,2.000000000000000000e+00
1.569428629536276709e+00,5.000000000000000000e+00,4.000000000000000000e+00
-1.829951447589587055e+00,1.000000000000000000e+00,4.000000000000000000e+00
-8.767969819786318730e-01,1.000000000000000000e+00,2.000000000000000000e+00
-1.146051063605260545e+00,1.000000000000000000e+00,2.000000000000000000e+00
-2.580642163317171112e-01,5.000000000000000000e+00,4.000000000000000000e+00
1.058998120721962088e+00,5.000000000000000000e+00,4.000000000000000000e+00
-3.576368978168092405e-01,5.000000000000000000e+00,2.000000000000000000e+00
2.727867011589230617e-01,1.000000000000000000e+00,2.000000000000000000e+00
-9.392459672481215938e-01,1.000000000000000000e+00,2.000000000000000000e+00
9.262987618544326063e-01,5.000000000000000000e+00,4.000000000000000000e+00
-1.723139978934454600e-02,5.000000000000000000e+00,2.000000000000000000e+00
5.960210375564172214e-01,1.000000000000000000e+00,4.000000000000000000e+00
1.850015729062487457e+00,1.000000000000000000e+00,4.000000000000000000e+00
3.177361646266100292e-01,5.000000000000000000e+00,2.000000000000000000e+00
-1.216845910680711546e-01,5.000000000000000000e+00,4.000000000000000000e+00
1.442800990788017712e+00,5.000000000000000000e+00,4.000000000000000000e+00
1.959064808852573891e-01,1.000000000000000000e+00,4.000000000000000000e+00
9.578158920935168907e-02,5.000000000000000000e+00,4.000000000000000000e+00
-7.410545824709664497e-01,1.000000000000000000e+00,2.000000000000000000e+00
9.086914599696488404e-02,5.000000000000000000e+00,4.000000000000000000e+00
-8.000459100280431224e-02,5.000000000000000000e+00,4.000000000000000000e+00
4.223794226715781863e-01,5.000000000000000000e+00,2.000000000000000000e+00
-1.601859307889152095e+00,5.000000000000000000e+00,4.000000000000000000e+00
8.904142892841282464e-02,1.000000000000000000e+00,2.000000000000000000e+00
1.333821928998935702e+00,5.000000000000000000e+00,2.000000000000000000e+00
-7.862674627922299209e-01,5.000000000000000000e+00,4.000000000000000000e+00
-7.644693954583917650e-01,5.000000000000000000e+00,2.000000000000000000e+00
3.022331815155225865e-01,1.000000000000000000e+00,2.000000000000000000e+00
5.978546549351040351e-01,1.000000000000000000e+00,4.000000000000000000e+00
-9.121011486747480912e-02,1.000000000000000000e+00,4.000000000000000000e+00
-2.598425490887335335e-02,5.000000000000000000e+00,2.000000000000000000e+00
-9.735948774122573646e-01,5.000000000000000000e+00,2.000000000000000000e+00
1.237973304539893293e+00,5.000000000000000000e+00,4.000000000000000000e+00
7.927629509933252772e-01,5.000000000000000000e+00,4.000000000000000000e+00
-1.127959897136048412e-01,5.000000000000000000e+00,2.000000000000000000e+00
5.271910900604759309e-01,1.000000000000000000e+00,2.000000000000000000e+00
-4.967340358691339497e-01,1.000000000000000000e+00,2.000000000000000000e+00
-1.017064013287378721e+00,5.000000000000000000e+00,4.000000000000000000e+00
-2.413233526705694382e-02,1.000000000000000000e+00,2.000000000000000000e+00
3.428368997452578282e-01,1.000000000000000000e+00,2.000000000000000000e+00
1.641637201307786509e-01,5.000000000000000000e+00,2.000000000000000000e+00
2.765809597255633467e-01,5.000000000000000000e+00,2.000000000000000000e+00
-2.342192988583621016e+00,5.000000000000000000e+00,2.000000000000000000e+00
-9.457392897257928255e-02,5.000000000000000000e+00,2.000000000000000000e+00
8.207401941832660058e-03,5.000000000000000000e+00,4.000000000000000000e+00
1.733267929713229627e+00,1.000000000000000000e+00,2.000000000000000000e+00
2.070679304399425380e-01,1.000000000000000000e+00,2.000000000000000000e+00
-5.061386141051240628e-01,5.000000000000000000e+00,4.000000000000000000e+00
-3.423117575322229822e-01,5.000000000000000000e+00,4.000000000000000000e+00
-1.345140341249597027e+00,1.000000000000000000e+00,2.000000000000000000e+00
-2.266242753244658292e+00,1.000000000000000000e+00,4.000000000000000000e+00
-2.424409755256120125e+00,5.000000000000000000e+00,2.000000000000000000e+00
7.862631860397186756e-01,5.000000000000000000e+00,4.000000000000000000e+00
3.234941093689581298e-02,1.000000000000000000e+00,2.000000000000000000e+00
1.089049458435273010e+00,1.000000000000000000e+00,2.000000000000000000e+00
1.206074602916570537e+00,5.000000000000000000e+00,4.000000000000000000e+00
9.929152568705873483e-01,1.000000000000000000e+00,2.000000000000000000e+00
7.262529845744194468e-01,1.000000000000000000e+00,4.000000000000000000e+00
1.313569981141764931e+00,1.000000000000000000e+00,2.000000000000000000e+00
-6.005872177455854333e-01,1.000000000000000000e+00,2.000000000000000000e+00
-3.399554060505261543e-01,5.000000000000000000e+00,2.000000000000000000e+00
6.729515077429157888e-01,5.000000000000000000e+00,2.000000000000000000e+00
-5.818869824428991588e-01,5.000000000000000000e+00,2.000000000000000000e+00
2.897822190043485846e-01,1.000000000000000000e+00,2.000000000000000000e+00
1.158607503963918095e+00,1.000000000000000000e+00,4.000000000000000000e+00
-5.421228404995335204e-01,1.000000000000000000e+00,4.000000000000000000e+00
-2.385854200893805233e-01,5.000000000000000000e+00,4.000000000000000000e+00
-9.022280909067152965e-01,5.000000000000000000e+00,2.000000000000000000e+00
-7.335106327264638570e-02,5.000000000000000000e+00,4.000000000000000000e+00
-4.823608124269858077e-01,1.000000000000000000e+00,2.000000000000000000e+00
-7.469520344905332676e-01,1.000000000000000000e+00,2.000000000000000000e+00
1.009964492901334276e+00,5.000000000000000000e+00,2.000000000000000000e+00
1.583567569611094683e+00,5.000000000000000000e+00,4.000000000000000000e+00
1.512818844364173798e-01,5.000000000000000000e+00,2.000000000000000000e+00
4.108659160883924161e-02,5.000000000000000000e+00,4.000000000000000000e+00
1.372793547520184954e-01,5.000000000000000000e+00,4.000000000000000000e+00
1.119731657510272121e-02,5.000000000000000000e+00,4.000000000000000000e+00
1.182106097770609265e+00,5.000000000000000000e+00,2.000000000000000000e+00
-3.497059139568167163e-01,5.000000000000000000e+00,4.000000000000000000e+00
-8.531385551001849366e-02,5.000000000000000000e+00,2.000000000000000000e+00
2.674906164975967421e-02,5.000000000000000000e+00,2.000000000000000000e+00
-1.735615788360097833e-01,5.000000000000000000e+00,4.000000000000000000e+00
-8.256046458730792459e-01,5.000000000000000000e+00,2.000000000000000000e+00
1.238071478447424267e+00,5.000000000000000000e+00,2.000000000000000000e+00
7.613509434717004032e-01,1.000000000000000000e+00,4.000000000000000000e+00
-1.675948147974533953e+00,5.000000000000000000e+00,4.000000000000000000e+00
7.887933327959908425e-01,5.000000000000000000e+00,2.000000000000000000e+00
3.762465230019580026e-02,1.000000000000000000e+00,2.000000000000000000e+00
9.294274673320852137e-03,5.000000000000000000e+00,2.000000000000000000e+00
7.075217287709099911e-02,5.000000000000000000e+00,4.000000000000000000e+00
1.297690111204287400e-01,5.000000000000000000e+00,2.000000000000000000e+00
9.019291305667886949e-01,1.000000000000000000e+00,4.000000000000000000e+00
-4.719624284106070378e-01,5.000000000000000000e+00,4.000000000000000000e+00
9.313498504348788343e-01,1.000000000000000000e+00,4.000000000000000000e+00
-1.000234704047484602e+00,5.000000000000000000e+00,4.000000000000000000e+00
-1.209311143995914328e+00,1.000000000000000000e+00,4.000000000000000000e+00
7.364246124223217116e-01,5.000000000000000000e+00,2.000000000000000000e+00
1.347982897672755476e+00,1.000000000000000000e+00,2.000000000000000000e+00
1.515371031059684903e-01,1.000000000000000000e+00,4.000000000000000000e+00
-1.727038398738054981e-01,5.000000000000000000e+00,2.000000000000000000e+00
8.081811723039882267e-01,5.000000000000000000e+00,2.000000000000000000e+00
-5.204865890021028729e-01,5.000000000000000000e+00,2.000000000000000000e+00
2.159480156487066704e+00,5.000000000000000000e+00,2.000000000000000000e+00
-2.865340680512883154e+00,1.000000000000000000e+00,4.000000000000000000e+00
-3.302115558690977282e-01,1.000000000000000000e+00,4.000000000000000000e+00
1.126023336252937462e-01,5.000000000000000000e+00,4.000000000000000000e+00
-7.053855063938161418e-01,5.000000000000000000e+00,4.000000000000000000e+00
4.353481478490310586e-02,1.000000000000000000e+00,4.000000000000000000e+00
1.357767326311773326e+00,5.000000000000000000e+00,4.000000000000000000e+00
7.425148308360376426e-01,1.000000000000000000e+00,4.000000000000000000e+00
-9.271449870315159325e-01,5.000000000000000000e+00,2.000000000000000000e+00
-8.835056376731216243e-01,1.000000000000000000e+00,4.000000000000000000e+00
1.553017797610800388e+00,5.000000000000000000e+00,2.000000000000000000e+00
-2.257274508219966891e-01,5.000000000000000000e+00,2.000000000000000000e+00
9.081074801277913000e-01,5.000000000000000000e+00,2.000000000000000000e+00
-2.554166520038690713e+00,5.000000000000000000e+00,2.000000000000000000e+00
-1.807837621253534977e+00,5.000000000000000000e+00,4.000000000000000000e+00
1.721436550371309826e+00,1.000000000000000000e+00,4.000000000000000000e+00
-1.912057160513231269e+00,1.000000000000000000e+00,4.000000000000000000e+00
-5.158518761084268656e-01,1.000000000000000000e+00,2.000000000000000000e+00
1.441714276187205268e+00,5.000000000000000000e+00,4.000000000000000000e+00
-1.414798559670247702e+00,5.000000000000000000e+00,2.000000000000000000e+00
-8.063248038451040767e-01,5.000000000000000000e+00,2.000000000000000000e+00
-5.423313152323095548e-02,5.000000000000000000e+00,2.000000000000000000e+00
1.031532130963632721e+00,1.000000000000000000e+00,2.000000000000000000e+00
-1.244545613216301971e+00,1.000000000000000000e+00,4.000000000000000000e+00
-9.267007241663296480e-01,1.000000000000000000e+00,2.000000000000000000e+00
8.052482010712288529e-01,1.000000000000000000e+00,4.000000000000000000e+00
6.697241333203184377e-01,5.000000000000000000e+00,4.000000000000000000e+00
-1.890928083995502829e-01,1.000000000000000000e+00,4.000000000000000000e+00
-8.650875138542197806e-01,1.000000000000000000e+00,2.000000000000000000e+00
3.068505771827598205e-01,5.000000000000000000e+00,2.000000000000000000e+00
-1.096299515739413977e+00,1.000000000000000000e+00,2.000000000000000000e+00
7.655325556889217564e-01,5.000000000000000000e+00,4.000000000000000000e+00
-7.103017946243610492e-01,5.000000000000000000e+00,2.000000000000000000e+00
-2.485585312506481515e+00,5.000000000000000000e+00,4.000000000000000000e+00
-2.558655055764901265e-01,1.000000000000000000e+00,4.000000000000000000e+00
7.827393235210502453e-01,5.000000000000000000e+00,2.000000000000000000e+00
1.032984028958683131e+00,1.000000000000000000e+00,2.000000000000000000e+00
-1.177915944681930949e+00,1.000000000000000000e+00,4.000000000000000000e+00
-1.447051965196734624e+00,5.000000000000000000e+00,2.000000000000000000e+00
5.336340047628650440e-01,5.000000000000000000e+00,4.000000000000000000e+00
4.142027063132897036e-01,5.000000000000000000e+00,4.000000000000000000e+00
-2.379016997824763280e-01,5.000000000000000000e+00,2.000000000000000000e+00
-9.985110291048230335e-01,1.000000000000000000e+00,2.000000000000000000e+00
-9.434319326361874092e-01,5.000000000000000000e+00,4.000000000000000000e+00
1.993470275782862622e-01,5.000000000000000000e+00,2.000000000000000000e+00
8.564819644121240971e-01,5.000000000000000000e+00,4.000000000000000000e+00
-8.407675760102499840e-01,1.000000000000000000e+00,2.000000000000000000e+00
5.417705730558356469e-01,1.000000000000000000e+00,4.000000000000000000e+00
1.177927342441451808e+00,1.000000000000000000e+00,4.000000000000000000e+00
8.343996078253125281e-01,1.000000000000000000e+00,4.000000000000000000e+00
-6.679989771770110663e-01,5.000000000000000000e+00,4.000000000000000000e+00
-6.250078186254528489e-01,1.000000000000000000e+00,4.000000000000000000e+00
3.423035822512596194e-01,5.000000000000000000e+00,4.000000000000000000e+00
4.317191821220313086e-01,1.000000000000000000e+00,2.000000000000000000e+00
7.334766961150285258e-01,1.000000000000000000e+00,2.000000000000000000e+00
6.388467472866899977e-01,1.000000000000000000e+00,2.000000000000000000e+00
2.561240157996318434e-01,5.000000000000000000e+00,2.000000000000000000e+00
-1.942188075549084125e+00,5.000000000000000000e+00,2.000000000000000000e+00
5.309288613044483851e-01,1.000000000000000000e+00,4.000000000000000000e+00
9.124245836000998144e-01,5.000000000000000000e+00,2.000000000000000000e+00
1.842684184728317354e-01,5.000000000000000000e+00,4.000000000000000000e+00
1.292429287328481280e+00,1.000000000000000000e+00,4.000000000000000000e+00
2.079145064423096212e+00,5.000000000000000000e+00,2.000000000000000000e+00
7.105219347048586931e-01,1.000000000000000000e+00,4.000000000000000000e+00
-1.876072398818171116e+00,1.000000000000000000e+00,4.000000000000000000e+00
6.998879609566850402e-01,1.000000000000000000e+00,4.000000000000000000e+00
-3.966908618374332951e-01,1.000000000000000000e+00,4.000000000000000000e+00
1.833931865182500051e-02,1.000000000000000000e+00,4.000000000000000000e+00
-1.538202548405628090e+00,5.000000000000000000e+00,2.000000000000000000e+00
9.559200111613300743e-01,1.000000000000000000e+00,4.000000000000000000e+00
-7.018493077602943053e-01,1.000000000000000000e+00,2.000000000000000000e+00
1.081531921213210401e+00,1.000000000000000000e+00,2.000000000000000000e+00
7.624503212712825662e-02,1.000000000000000000e+00,2.000000000000000000e+00
-2.766105385752162023e-03,5.000000000000000000e+00,4.000000000000000000e+00
6.039497485033022972e-01,5.000000000000000000e+00,4.000000000000000000e+00
1.026750777260972525e+00,5.000000000000000000e+00,4.000000000000000000e+00
-3.984867158044722579e-01,1.000000000000000000e+00,4.000000000000000000e+00
1.322025451445801858e+00,5.000000000000000000e+00,4.000000000000000000e+00
1.993673280704254813e-01,1.000000000000000000e+00,4.000000000000000000e+00
1.292461785493408122e-01,5.000000000000000000e+00,2.000000000000000000e+00
5.289055527451286265e-01,5.000000000000000000e+00,4.000000000000000000e+00
-6.130302740195026079e-01,5.000000000000000000e+00,2.000000000000000000e+00
-1.128063812948741029e+00,1.000000000000000000e+00,2.000000000000000000e+00
1.368086118674578522e+00,1.000000000000000000e+00,4.000000000000000000e+00
8.894972521986164171e-01,5.000000000000000000e+00,4.000000000000000000e+00
9.508205211963798309e-01,5.000000000000000000e+00,2.000000000000000000e+00
7.024928931424720968e-01,5.000000000000000000e+00,2.000000000000000000e+00
-7.288762799190188213e-01,1.000000000000000000e+00,4.000000000000000000e+00
-2.796828111664832472e-01,1.000000000000000000e+00,4.000000000000000000e+00
-1.267903794659510419e+00,5.000000000000000000e+00,4.000000000000000000e+00
-1.818744502850738742e+00,5.000000000000000000e+00,4.000000000000000000e+00
-2.677008708788337077e-01,1.000000000000000000e+00,2.000000000000000000e+00
3.815146828186824490e-02,5.000000000000000000e+00,4.000000000000000000e+00
1.392209133879689587e+00,5.000000000000000000e+00,2.000000000000000000e+00
5.204732424182562101e-01,5.000000000000000000e+00,2.000000000000000000e+00
-9.863737332533523139e-01,5.000000000000000000e+00,2.000000000000000000e+00
-1.591429035669869929e+00,1.000000000000000000e+00,2.000000000000000000e+00
-8.893049609880655673e-05,5.000000000000000000e+00,4.000000000000000000e+00
3.241052071184064021e-01,1.000000000000000000e+00,4.000000000000000000e+00
3.452010330238056146e-01,1.000000000000000000e+00,4.000000000000000000e+00
-8.147668012022525330e-01,5.000000000000000000e+00,2.000000000000000000e+00
9.467212791709348485e-01,1.000000000000000000e+00,4.000000000000000000e+00
-1.484999908612810060e+00,5.000000000000000000e+00,2.000000000000000000e+00
-1.142359312715942821e+00,1.000000000000000000e+00,2.000000000000000000e+00
-6.023212480236966870e-01,1.000000000000000000e+00,4.000000000000000000e+00
-1.508739156361404987e+00,5.000000000000000000e+00,2.000000000000000000e+00
8.528690520605276548e-01,1.000000000000000000e+00,2.000000000000000000e+00
3.592002500542272880e-01,1.000000000000000000e+00,2.000000000000000000e+00
-1.288301044653425542e+00,5.000000000000000000e+00,4.000000000000000000e+00
1.161130379016199976e+00,1.000000000000000000e+00,4.000000000000000000e+00
-3.836121815163795468e-01,1.000000000000000000e+00,4.000000000000000000e+00
-1.597368483044818432e-01,1.000000000000000000e+00,4.000000000000000000e+00
1.857704243276380729e-01,5.000000000000000000e+00,2.000000000000000000e+00
-1.408200013267222050e-01,5.000000000000000000e+00,2.000000000000000000e+00
-9.794707293165259010e-01,1.000000000000000000e+00,4.000000000000000000e+00
-4.874082379822484712e-01,5.000000000000000000e+00,4.000000000000000000e+00
-4.781973810850536077e-01,5.000000000000000000e+00,2.000000000000000000e+00
5.694529567726407393e-01,5.000000000000000000e+00,4.000000000000000000e+00
-8.514207827524419292e-01,1.000000000000000000e+00,2.000000000000000000e+00
1.199166708188838193e+00,5.000000000000000000e+00,4.000000000000000000e+00
1.452802452539121436e-01,5.000000000000000000e+00,4.000000000000000000e+00
-9.290894299943383006e-01,1.000000000000000000e+00,4.000000000000000000e+00
1.305903642362214456e-01,1.000000000000000000e+00,2.000000000000000000e+00
-3.610664356026755950e-01,1.000000000000000000e+00,2.000000000000000000e+00
4.016252637795318936e-01,5.000000000000000000e+00,4.000000000000000000e+00
3.063705357732038892e-01,5.000000000000000000e+00,2.000000000000000000e+00
4.381055026187470891e-01,5.000000000000000000e+00,2.000000000000000000e+00
-8.613197799435874380e-01,5.000000000000000000e+00,4.000000000000000000e+00
6.576056791244419553e-02,5.000000000000000000e+00,4.000000000000000000e+00
1.093488224257495478e+00,1.000000000000000000e+00,2.000000000000000000e+00
-2.171386127339828762e-03,1.000000000000000000e+00,2.000000000000000000e+00
-6.238731468156647475e-01,1.000000000000000000e+00,4.000000000000000000e+00
3.436837800580684887e-01,1.000000000000000000e+00,2.000000000000000000e+00
5.614441141870026852e-01,1.000000000000000000e+00,4.000000000000000000e+00
2.665497186894751902e-01,1.000000000000000000e+00,4.000000000000000000e+00
-1.361565495860795005e+00,5.000000000000000000e+00,4.000000000000000000e+00
1.389613833266927001e+00,5.000000000000000000e+00,4.000000000000000000e+00
-5.217969525486190197e-01,1.000000000000000000e+00,2.000000000000000000e+00
6.045965183277040023e-01,1.000000000000000000e+00,2.000000000000000000e+00
-1.262655455022041739e-01,5.000000000000000000e+00,2.000000000000000000e+00
6.448172021667921694e-01,1.000000000000000000e+00,4.000000000000000000e+00
-8.489090743468360456e-01,5.000000000000000000e+00,4.000000000000000000e+00
1.215771374320133047e+00,1.000000000000000000e+00,4.000000000000000000e+00
-1.537923606888009553e+00,5.000000000000000000e+00,2.000000000000000000e+00
3.078878550322625696e-01,1.000000000000000000e+00,4.000000000000000000e+00
1.397272069508511960e-01,1.000000000000000000e+00,2.000000000000000000e+00
-1.071409346807348228e+00,5.000000000000000000e+00,2.000000000000000000e+00
9.870338198556208864e-01,1.000000000000000000e+00,2.000000000000000000e+00
1.327909541948800731e-01,1.000000000000000000e+00,2.000000000000000000e+00
-5.114109571139582311e-01,5.000000000000000000e+00,4.000000000000000000e+00
-2.658194478407042705e-01,5.000000000000000000e+00,4.000000000000000000e+00
-1.487793561601802761e+00,5.000000000000000000e+00,2.000000000000000000e+00
-2.618798230724493248e+00,1.000000000000000000e+00,4.000000000000000000e+00
-3.448449552279784780e-01,1.000000000000000000e+00,4.000000000000000000e+00
1.143942012622090942e+00,5.000000000000000000e+00,4.000000000000000000e+00
1.339785663173721497e+00,1.000000000000000000e+00,4.000000000000000000e+00
7.994286214446875150e-01,1.000000000000000000e+00,2.000000000000000000e+00
-1.982671266595192661e+00,1.000000000000000000e+00,4.000000000000000000e+00
4.309488080473555249e-01,1.000000000000000000e+00,2.000000000000000000e+00
5.087560028128675915e-01,5.000000000000000000e+00,2.000000000000000000e+00
8.726985537540017379e-01,1.000000000000000000e+00,2.000000000000000000e+00
9.354696895033497439e-01,5.000000000000000000e+00,4.000000000000000000e+00
-6.076316004524177222e-02,5.000000000000000000e+00,4.000000000000000000e+00
1.045139652894783833e+00,5.000000000000000000e+00,2.000000000000000000e+00
-2.095694402298676540e+00,1.000000000000000000e+00,4.000000000000000000e+00
7.486565247464410655e-01,5.000000000000000000e+00,4.000000000000000000e+00
8.666725804442869385e-02,5.000000000000000000e+00,4.000000000000000000e+00
7.986965945593050842e-01,5.000000000000000000e+00,2.000000000000000000e+00
-9.265628045216580677e-01,5.000000000000000000e+00,2.000000000000000000e+00
-4.863626671489788000e-01,5.000000000000000000e+00,4.000000000000000000e+00
3.264523271299206719e-01,1.000000000000000000e+00,4.000000000000000000e+00
-2.665695435880971687e+00,5.000000000000000000e+00,4.000000000000000000e+00
-8.966769800114001709e-01,1.000000000000000000e+00,4.000000000000000000e+00
-4.675326213779795181e-01,5.000000000000000000e+00,4.000000000000000000e+00
-1.757675033599805370e-01,5.000000000000000000e+00,4.000000000000000000e+00
2.644784646167233633e-01,5.000000000000000000e+00,2.000000000000000000e+00
-5.633885140567398420e-01,1.000000000000000000e+00,4.000000000000000000e+00
9.006286025811622853e-01,1.000000000000000000e+00,2.000000000000000000e+00
-9.084119493963008218e-02,5.000000000000000000e+00,2.000000000000000000e+00
-9.376422534857047353e-01,1.000000000000000000e+00,2.000000000000000000e+00
7.965961666197723424e-04,1.000000000000000000e+00,4.000000000000000000e+00
7.151370506508730740e-01,5.000000000000000000e+00,2.000000000000000000e+00
7.825838808293310578e-01,1.000000000000000000e+00,4.000000000000000000e+00
-8.336644479884798564e-02,1.000000000000000000e+00,4.000000000000000000e+00
-1.235634419278643925e+00,5.000000000000000000e+00,2.000000000000000000e+00
-2.127865194425679007e+00,1.000000000000000000e+00,4.000000000000000000e+00
7.118591769315579798e-01,1.000000000000000000e+00,2.000000000000000000e+00
1.997793906065466474e-01,5.000000000000000000e+00,4.000000000000000000e+00
1.730793656909603184e+00,5.000000000000000000e+00,4.000000000000000000e+00
-7.163379105866146679e-01,1.000000000000000000e+00,4.000000000000000000e+00
1.171969879434197059e+00,1.000000000000000000e+00,4.000000000000000000e+00
-5.669075607739052503e-01,5.000000000000000000e+00,4.000000000000000000e+00
-7.636281489922154275e-01,1.000000000000000000e+00,4.000000000000000000e+00
-2.017360559163051015e+00,5.000000000000000000e+00,4.000000000000000000e+00
-8.695300904142426734e-01,5.000000000000000000e+00,4.000000000000000000e+00
-3.030211781104085594e-02,5.000000000000000000e+00,2.000000000000000000e+00
-4.924087885333700010e-01,1.000000000000000000e+00,2.000000000000000000e+00
1.628835568432981384e+00,5.000000000000000000e+00,4.000000000000000000e+00
4.030283669223048704e-01,1.000000000000000000e+00,2.000000000000000000e+00
-1.120234930661256012e+00,1.000000000000000000e+00,4.000000000000000000e+00
-1.032616795338774596e+00,1.000000000000000000e+00,2.000000000000000000e+00
8.730590991176986337e-01,5.000000000000000000e+00,4.000000000000000000e+00
5.896536030319389221e-01,5.000000000000000000e+00,2.000000000000000000e+00
7.717900789922763627e-01,5.000000000000000000e+00,2.000000000000000000e+00
9.836606276106334423e-01,5.000000000000000000e+00,2.000000000000000000e+00
1.879980607834686124e+00,1.000000000000000000e+00,2.000000000000000000e+00
-1.210950805751828119e+00,5.000000000000000000e+00,2.000000000000000000e+00
-7.316081232584770166e-02,1.000000000000000000e+00,4.000000000000000000e+00
1.392542724850847513e+00,5.000000000000000000e+00,4.000000000000000000e+00
-5.621911403360958515e-01,1.000000000000000000e+00,4.000000000000000000e+00
2.225178104856287309e+00,5.000000000000000000e+00,2.000000000000000000e+00
2.187551693422211674e+00,1.000000000000000000e+00,4.000000000000000000e+00
-6.606447622990774260e-02,1.000000000000000000e+00,4.000000000000000000e+00
8.245997331974176392e-01,1.000000000000000000e+00,2.000000000000000000e+00
1.340813041375464199e+00,1.000000000000000000e+00,2.000000000000000000e+00
-2.592642265481937547e-01,5.000000000000000000e+00,4.000000000000000000e+00
-9.190317242959484823e-01,5.000000000000000000e+00,2.000000000000000000e+00
3.030056031394735006e-01,5.000000000000000000e+00,2.000000000000000000e+00
1.605045218842114485e+00,5.000000000000000000e+00,4.000000000000000000e+00
-7.247672849131545636e-01,1.000000000000000000e+00,4.000000000000000000e+00
3.660952179093689973e-01,5.000000000000000000e+00,2.000000000000000000e+00
-3.343957415581148562e-01,5.000000000000000000e+00,2.000000000000000000e+00
1.143208784502046882e+00,5.000000000000000000e+00,4.000000000000000000e+00
-5.201427412307175757e-01,1.000000000000000000e+00,2.000000000000000000e+00
-9.842877559394098974e-02,5.000000000000000000e+00,2.000000000000000000e+00
9.372331324735626579e-01,5.000000000000000000e+00,4.000000000000000000e+00
3.934098988623769833e-01,1.000000000000000000e+00,2.000000000000000000e+00
5.194832494136307766e-01,5.000000000000000000e+00,2.000000000000000000e+00
1.474494404928375357e-01,5.000000000000000000e+00,2.000000000000000000e+00
-6.589957948268430066e-01,1.000000000000000000e+00,4.000000000000000000e+00
1.368420808205036199e+00,1.000000000000000000e+00,4.000000000000000000e+00
1.668878012393451016e+00,5.000000000000000000e+00,2.000000000000000000e+00
6.008976033577120290e-01,1.000000000000000000e+00,4.000000000000000000e+00
1.241553384449695097e+00,1.000000000000000000e+00,2.000000000000000000e+00
-3.442531531336886497e-01,1.000000000000000000e+00,2.000000000000000000e+00
-6.562713754354295714e-01,1.000000000000000000e+00,2.000000000000000000e+00
6.042204631983039143e-01,1.000000000000000000e+00,4.000000000000000000e+00
1.924253212879575958e+00,5.000000000000000000e+00,2.000000000000000000e+00
7.921145110529786981e-01,1.000000000000000000e+00,4.000000000000000000e+00
-9.705210386755478424e-01,1.000000000000000000e+00,4.000000000000000000e+00
4.919644967906970645e-02,5.000000000000000000e+00,2.000000000000000000e+00
-2.838330606659079658e-01,1.000000000000000000e+00,2.000000000000000000e+00
5.290700939668353531e-01,5.000000000000000000e+00,2.000000000000000000e+00
-1.322181186601628644e-01,1.000000000000000000e+00,2.000000000000000000e+00
-7.866871795748132667e-01,5.000000000000000000e+00,2.000000000000000000e+00
-5.447329879343642406e-02,1.000000000000000000e+00,4.000000000000000000e+00
-1.848921710692008835e+00,1.000000000000000000e+00,2.000000000000000000e+00
4.751630235458904616e-01,5.000000000000000000e+00,4.000000000000000000e+00
5.606117990600570922e-01,1.000000000000000000e+00,4.000000000000000000e+00
-5.850991718581156631e-01,1.000000000000000000e+00,4.000000000000000000e+00
-1.331315212722508079e+00,1.000000000000000000e+00,2.000000000000000000e+00
3.414145089417324752e-01,5.000000000000000000e+00,4.000000000000000000e+00
2.039762548754804783e+00,5.000000000000000000e+00,4.000000000000000000e+00
1.488199096250243159e+00,1.000000000000000000e+00,4.000000000000000000e+00
-2.125509288457083645e-01,1.000000000000000000e+00,2.000000000000000000e+00
4.703142632934615430e-01,1.000000000000000000e+00,2.000000000000000000e+00
1.251208238335402179e+00,5.000000000000000000e+00,2.000000000000000000e+00
-2.428658189271008183e+00,5.000000000000000000e+00,4.000000000000000000e+00
-7.722744590795560526e-01,1.000000000000000000e+00,2.000000000000000000e+00
-1.416429084198028709e+00,5.000000000000000000e+00,4.000000000000000000e+00
-9.069775991301921858e-02,1.000000000000000000e+00,4.000000000000000000e+00
1.297259890327558507e+00,5.000000000000000000e+00,4.000000000000000000e+00
-1.661728449703664623e+00,5.000000000000000000e+00,2.000000000000000000e+00
9.204974169589698052e-01,5.000000000000000000e+00,4.000000000000000000e+00
9.036594950189328346e-01,1.000000000000000000e+00,4.000000000000000000e+00
8.897484518300526890e-01,5.000000000000000000e+00,2.000000000000000000e+00
-1.942591276696229441e+00,1.000000000000000000e+00,2.000000000000000000e+00
-8.404511749525866993e-01,1.000000000000000000e+00,2.000000000000000000e+00
-1.143351754988252145e-01,5.000000000000000000e+00,4.000000000000000000e+00
-3.768296990080056696e-01,1.000000000000000000e+00,4.000000000000000000e+00
-1.193375053495718374e+00,1.000000000000000000e+00,2.000000000000000000e+00
3.325899580959136292e-01,1.000000000000000000e+00,4.000000000000000000e+00
2.346387848641392770e-01,1.000000000000000000e+00,2.000000000000000000e+00
-5.268378031451890209e-01,1.000000000000000000e+00,4.000000000000000000e+00
8.813829338570049465e-01,5.000000000000000000e+00,2.000000000000000000e+00
6.420615777808159619e-01,1.000000000000000000e+00,4.000000000000000000e+00
3.801269697946779713e-01,5.000000000000000000e+00,4.000000000000000000e+00
-6.126978017030089152e-01,5.000000000000000000e+00,4.000000000000000000e+00
1.024217582826248751e+00,5.000000000000000000e+00,2.000000000000000000e+00
-1.702661640534145482e-01,5.000000000000000000e+00,2.000000000000000000e+00
9.426737834018233952e-01,5.000000000000000000e+00,4.000000000000000000e+00
-2.314341501074280161e-01,1.000000000000000000e+00,2.000000000000000000e+00
3.844679609131245179e-01,1.000000000000000000e+00,2.000000000000000000e+00
7.654624213346804540e-01,1.000000000000000000e+00,4.000000000000000000e+00
-1.043884184237198198e+00,5.000000000000000000e+00,4.000000000000000000e+00
-1.507037127936862841e+00,1.000000000000000000e+00,2.000000000000000000e+00
7.356608504395231174e-01,1.000000000000000000e+00,2.000000000000000000e+00
-1.091463078849252755e+00,5.000000000000000000e+00,2.000000000000000000e+00
1.510185190051553494e+00,5.000000000000000000e+00,4.000000000000000000e+00
6.653835111792059109e-01,5.000000000000000000e+00,2.000000000000000000e+00
-1.661722424307928991e-01,5.000000000000000000e+00,4.000000000000000000e+00
-7.372337216736388754e-01,1.000000000000000000e+00,4.000000000000000000e+00
1.820479157452536301e+00,5.000000000000000000e+00,2.000000000000000000e+00
-3.913504870104295152e-01,1.000000000000000000e+00,4.000000000000000000e+00
5.961975146574829409e-01,5.000000000000000000e+00,4.000000000000000000e+00
9.902311187219871025e-01,5.000000000000000000e+00,2.000000000000000000e+00
-6.332640513014028416e-01,5.000000000000000000e+00,2.000000000000000000e+00
-8.481722924964643640e-02,1.000000000000000000e+00,2.000000000000000000e+00
-1.436513796141489774e+00,1.000000000000000000e+00,2.000000000000000000e+00
-6.170117007824137412e-01,1.000000000000000000e+00,2.000000000000000000e+00
1.974790676549100232e-01,1.000000000000000000e+00,2.000000000000000000e+00
-1.906021765007346991e+00,5.000000000000000000e+00,2.000000000000000000e+00
-6.423358044669427169e-01,5.000000000000000000e+00,2.000000000000000000e+00
3.157244638684517796e-02,5.000000000000000000e+00,4.000000000000000000e+00
-9.528046922905897276e-01,5.000000000000000000e+00,4.000000000000000000e+00
-9.977851319479186243e-01,1.000000000000000000e+00,2.000000000000000000e+00
-1.472381871863694958e+00,5.000000000000000000e+00,4.000000000000000000e+00
1.375764735325789578e+00,5.000000000000000000e+00,4.000000000000000000e+00
-1.463135881177319297e-01,5.000000000000000000e+00,4.000000000000000000e+00
2.168984225399296584e+00,1.000000000000000000e+00,2.000000000000000000e+00
2.988662353733478327e-01,5.000000000000000000e+00,2.000000000000000000e+00
-2.218488403184422642e-01,5.000000000000000000e+00,2.000000000000000000e+00
9.493206305668933087e-02,1.000000000000000000e+00,2.000000000000000000e+00
1.162617494561281717e+00,5.000000000000000000e+00,4.000000000000000000e+00
-3.652791321699910387e+00,1.000000000000000000e+00,4.000000000000000000e+00
-1.574791060873415027e+00,1.000000000000000000e+00,2.000000000000000000e+00
-1.630607753696289575e-01,5.000000000000000000e+00,4.000000000000000000e+00
2.567187697767888133e-01,1.000000000000000000e+00,4.000000000000000000e+00
-1.201418487401670676e+00,5.000000000000000000e+00,2.000000000000000000e+00
1.598065342255218457e+00,1.000000000000000000e+00,4.000000000000000000e+00
5.184764490870716891e-01,5.000000000000000000e+00,2.000000000000000000e+00
3.153428999950206313e-01,1.000000000000000000e+00,4.000000000000000000e+00
7.646843386497981232e-01,1.000000000000000000e+00,4.000000000000000000e+00
9.199314537372765832e-01,5.000000000000000000e+00,2.000000000000000000e+00
-8.289988393836773550e-01,5.000000000000000000e+00,2.000000000000000000e+00
1.050235303811611676e+00,1.000000000000000000e+00,2.000000000000000000e+00
5.834385472294337793e-01,5.000000000000000000e+00,2.000000000000000000e+00
1.079745861123706074e+00,1.000000000000000000e+00,4.000000000000000000e+00
-6.339564339907121093e-01,5.000000000000000000e+00,4.000000000000000000e+00
-7.959268275658792913e-01,1.000000000000000000e+00,4.000000000000000000e+00
1.985644260296841823e+00,1.000000000000000000e+00,2.000000000000000000e+00
-6.870958795425204935e-01,1.000000000000000000e+00,4.000000000000000000e+00
-7.716013337420684071e-01,1.000000000000000000e+00,4.000000000000000000e+00
-2.185268939731332405e-01,5.000000000000000000e+00,4.000000000000000000e+00
-1.085728750921270080e+00,5.000000000000000000e+00,4.000000000000000000e+00
-3.391020745279539894e-01,5.000000000000000000e+00,4.000000000000000000e+00
-8.695910362263931104e-01,1.000000000000000000e+00,4.000000000000000000e+00
1.265909553545466193e-01,5.000000000000000000e+00,4.000000000000000000e+00
3.130546461706623651e-01,1.000000000000000000e+00,4.000000000000000000e+00
-2.676089156392553736e-01,1.000000000000000000e+00,2.000000000000000000e+00
-8.032578367430255328e-01,5.000000000000000000e+00,4.000000000000000000e+00
-8.441884945799182915e-01,1.000000000000000000e+00,4.000000000000000000e+00
-1.069954010992241016e-02,1.000000000000000000e+00,4.000000000000000000e+00
-9.168153634632013604e-01,5.000000000000000000e+00,2.000000000000000000e+00
-1.201723607788901971e+00,5.000000000000000000e+00,4.000000000000000000e+00
-5.389919936137681500e-01,1.000000000000000000e+00,2.000000000000000000e+00
-7.793742438009144957e-02,5.000000000000000000e+00,2.000000000000000000e+00
-5.626518432673217607e-01,5.000000000000000000e+00,4.000000000000000000e+00
1.174073151124081393e+00,5.000000000000000000e+00,4.000000000000000000e+00
9.925193057016196141e-01,5.000000000000000000e+00,4.000000000000000000e+00
3.921226181455861326e-02,5.000000000000000000e+00,4.000000000000000000e+00
1.501083920321244214e-01,1.000000000000000000e+00,4.000000000000000000e+00
3.181921210472430372e-01,1.000000000000000000e+00,2.000000000000000000e+00
3.230752301567769991e-02,1.000000000000000000e+00,4.000000000000000000e+00
-2.421163423011910842e-01,1.000000000000000000e+00,4.000000000000000000e+00
5.316237828719169028e-02,1.000000000000000000e+00,4.000000000000000000e+00
-7.769093831529164662e-01,5.000000000000000000e+00,4.000000000000000000e+00
2.642573466887601086e-01,5.000000000000000000e+00,4.000000000000000000e+00
-6.360583238426426034e-02,1.000000000000000000e+00,4.000000000000000000e+00
1.950877695562421854e-01,5.000000000000000000e+00,4.000000000000000000e+00
1.261369893438254008e+00,1.000000000000000000e+00,2.000000000000000000e+00
-4.371087980709489895e-01,1.000000000000000000e+00,2.000000000000000000e+00
-1.467653171392530265e+00,1.000000000000000000e+00,4.000000000000000000e+00
4.765744847151955343e-01,1.000000000000000000e+00,2.000000000000000000e+00
1.485189485704225577e-02,1.000000000000000000e+00,2.000000000000000000e+00
1.202252382493108618e+00,1.000000000000000000e+00,4.000000000000000000e+00
-1.227053304435635317e+00,1.000000000000000000e+00,4.000000000000000000e+00
1.014468856195366031e-01,1.000000000000000000e+00,4.000000000000000000e+00
1.067032734640053659e+00,5.000000000000000000e+00,2.000000000000000000e+00
1.895873144664027010e-01,5.000000000000000000e+00,2.000000000000000000e+00
1.280359081129142318e+00,5.000000000000000000e+00,4.000000000000000000e+00
-1.836540343372283113e+00,1.000000000000000000e+00,2.000000000000000000e+00
9.143905459063664254e-02,5.000000000000000000e+00,2.000000000000000000e+00
3.002597218971119752e-01,1.000000000000000000e+00,2.000000000000000000e+00
1.150026839571181680e+00,5.000000000000000000e+00,4.000000000000000000e+00
-7.640949133833989659e-01,1.000000000000000000e+00,4.000000000000000000e+00
1.254191539883356077e+00,5.000000000000000000e+00,4.000000000000000000e+00
6.345306039363358686e-01,5.000000000000000000e+00,2.000000000000000000e+00
-1.247029548308676183e+00,1.000000000000000000e+00,4.000000000000000000e+00
-1.253486940236685943e+00,1.000000000000000000e+00,4.000000000000000000e+00
1.320581670010265052e+00,1.000000000000000000e+00,2.000000000000000000e+00
-1.495321209609688784e-01,1.000000000000000000e+00,4.000000000000000000e+00
2.135421252159300232e-01,5.000000000000000000e+00,2.000000000000000000e+00
2.779218275881978895e-01,1.000000000000000000e+00,4.000000000000000000e+00
7.605374172862181537e-01,1.000000000000000000e+00,2.000000000000000000e+00
-1.323688558000158499e+00,5.000000000000000000e+00,4.000000000000000000e+00
-7.329604593645003829e-01,1.000000000000000000e+00,4.000000000000000000e+00
-3.960290806852875822e-01,1.000000000000000000e+00,2.000000000000000000e+00
9.199627989951715268e-01,1.000000000000000000e+00,2.000000000000000000e+00
-1.282335316110329471e+00,1.000000000000000000e+00,2.000000000000000000e+00
-3.481145325759590903e-01,1.000000000000000000e+00,4.000000000000000000e+00
1.496580318960046174e+00,5.000000000000000000e+00,2.000000000000000000e+00
-1.799722374818138348e+00,1.000000000000000000e+00,2.000000000000000000e+00
9.952905482486837374e-02,1.000000000000000000e+00,2.000000000000000000e+00
1.240837266358503888e+00,1.000000000000000000e+00,2.000000000000000000e+00
-5.336587671065877447e-02,5.000000000000000000e+00,2.000000000000000000e+00
6.955415089442620324e-01,1.000000000000000000e+00,4.000000000000000000e+00
-2.001358297519946650e+00,5.000000000000000000e+00,2.000000000000000000e+00
-2.817045917448989800e-01,1.000000000000000000e+00,2.000000000000000000e+00
6.215194429858078573e-01,1.000000000000000000e+00,2.000000000000000000e+00
3.066403310854937114e-01,1.000000000000000000e+00,4.000000000000000000e+00
-4.834179308458701474e-01,1.000000000000000000e+00,4.000000000000000000e+00
-3.651738127629863273e-01,1.000000000000000000e+00,2.000000000000000000e+00
-6.013558943099373000e-01,1.000000000000000000e+00,4.000000000000000000e+00
1.779641411069040835e+00,1.000000000000000000e+00,4.000000000000000000e+00
6.304226937027537225e-01,1.000000000000000000e+00,2.000000000000000000e+00
9.131487812529132109e-01,5.000000000000000000e+00,2.000000000000000000e+00
6.181642204005517449e-01,1.000000000000000000e+00,2.000000000000000000e+00
-9.387996938671661074e-01,5.000000000000000000e+00,4.000000000000000000e+00
4.464075273724988357e-01,5.000000000000000000e+00,4.000000000000000000e+00
9.738752106783254980e-01,1.000000000000000000e+00,4.000000000000000000e+00
-3.507779576129544941e-01,5.000000000000000000e+00,2.000000000000000000e+00
-2.224488172239163369e-02,1.000000000000000000e+00,4.000000000000000000e+00
-7.055729021757324304e-01,1.000000000000000000e+00,4.000000000000000000e+00
-4.900579801644420752e-01,1.000000000000000000e+00,4.000000000000000000e+00
-7.980372580482892886e-01,5.000000000000000000e+00,2.000000000000000000e+00
2.186373816409300508e-01,5.000000000000000000e+00,4.000000000000000000e+00
-1.231227610558871532e+00,1.000000000000000000e+00,2.000000000000000000e+00
9.322128083288392375e-01,5.000000000000000000e+00,2.000000000000000000e+00
9.759097251970444420e-01,1.000000000000000000e+00,4.000000000000000000e+00
2.729022704320663295e-01,1.000000000000000000e+00,2.000000000000000000e+00
-6.099251821583835387e-01,5.000000000000000000e+00,4.000000000000000000e+00
-7.528143135096412308e-01,5.000000000000000000e+00,4.000000000000000000e+00
-9.183721083144097408e-01,1.000000000000000000e+00,4.000000000000000000e+00
-8.484049205477970368e-01,1.000000000000000000e+00,2.000000000000000000e+00
-2.977607140208582415e-01,5.000000000000000000e+00,4.000000000000000000e+00
7.863058114317511560e-01,1.000000000000000000e+00,2.000000000000000000e+00
8.793056555426083110e-01,5.000000000000000000e+00,4.000000000000000000e+00
1.970833072043066680e+00,1.000000000000000000e+00,4.000000000000000000e+00
-1.483382578535733076e+00,1.000000000000000000e+00,4.000000000000000000e+00
-1.184030213039067636e+00,5.000000000000000000e+00,4.000000000000000000e+00
1.173585787742505548e+00,1.000000000000000000e+00,2.000000000000000000e+00
-4.613903296891378458e-01,1.000000000000000000e+00,2.000000000000000000e+00
8.112093578539534278e-01,1.000000000000000000e+00,2.000000000000000000e+00
-3.000953011822075911e-02,1.000000000000000000e+00,4.000000000000000000e+00
4.431374960082155035e-01,1.000000000000000000e+00,2.000000000000000000e+00
-5.649341536757165327e-01,1.000000000000000000e+00,4.000000000000000000e+00
1.060896366887156939e+00,1.000000000000000000e+00,4.000000000000000000e+00
5.791707177008648122e-01,5.000000000000000000e+00,4.000000000000000000e+00
-1.278531495739824386e+00,1.000000000000000000e+00,4.000000000000000000e+00
3.503750452504772461e-02,1.000000000000000000e+00,2.000000000000000000e+00
2.464840917006952403e-02,5.000000000000000000e+00,4.000000000000000000e+00
1.446437212039962450e+00,1.000000000000000000e+00,2.000000000000000000e+00
1.922913843773330411e+00,5.000000000000000000e+00,4.000000000000000000e+00
-7.344413491932647586e-01,5.000000000000000000e+00,4.000000000000000000e+00
-8.405330531112176207e-01,5.000000000000000000e+00,4.000000000000000000e+00
-5.082906981657329126e-01,5.000000000000000000e+00,2.000000000000000000e+00
8.373849388994375476e-01,1.000000000000000000e+00,2.000000000000000000e+00
-3.754522474531530873e-01,1.000000000000000000e+00,2.000000000000000000e+00
2.838150514984602024e-01,5.000000000000000000e+00,2.000000000000000000e+00
-1.245862291399176813e+00,5.000000000000000000e+00,2.000000000000000000e+00
7.292760759392742653e-02,5.000000000000000000e+00,2.000000000000000000e+00
-1.686458715940342801e+00,1.000000000000000000e+00,2.000000000000000000e+00
6.781064147189035385e-01,1.000000000000000000e+00,4.000000000000000000e+00
