8.336872436556711508e-01,1.000000000000000000e+00,2.000000000000000000e+00
3.776349176836339971e-01,5.000000000000000000e+00,4.000000000000000000e+00
-9.575254801182434550e-01,1.000000000000000000e+00,2.000000000000000000e+00
1.694977867559370965e+00,1.000000000000000000e+00,4.000000000000000000e+00
-1.939485615871004320e+00,5.000000000000000000e+00,4.000000000000000000e+00
8.811733922782725159e-01,1.000000000000000000e+00,2.000000000000000000e+00
-7.999145855181033493e-01,1.000000000000000000e+00,4.000000000000000000e+00
-4.778093210550737879e-02,1.000000000000000000e+00,2.000000000000000000e+00
-1.933530029203040401e+00,5.000000000000000000e+00,2.000000000000000000e+00
1.241023728735295650e+00,5.000000000000000000e+00,2.000000000000000000e+00
1.446760956560402933e+00,5.000000000000000000e+00,4.000000000000000000e+00
-1.132826139580551894e+00,1.000000000000000000e+00,4.000000000000000000e+00
-5.764914205435982542e-01,5.000000000000000000e+00,4.000000000000000000e+00
9.607890749641082584e-01,5.000000000000000000e+00,2.000000000000000000e+00
-3.068787900181023653e-01,1.000000000000000000e+00,2.000000000000000000e+00
-7.464321048271891357e-01,5.000000000000000000e+00,4.000000000000000000e+00
-5.534700256553363173e-01,5.000000000000000000e+00,2.000000000000000000e+00
1.194799950934480881e+00,1.000000000000000000e+00,2.000000000000000000e+00
1.492433243331281245e+00,5.000000000000000000e+00,4.000000000000000000e+00
-1.501600885769026394e+00,1.000000000000000000e+00,2.000000000000000000e+00
2.674058496764215587e-01,1.000000000000000000e+00,2.000000000000000000e+00
6.142915665109116574e-02,1.000000000000000000e+00,2.000000000000000000e+00
8.720200924941066134e-01,1.000000000000000000e+00,2.000000000000000000e+00
-7.815872523854157095e-01,5.000000000000000000e+00,4.000000000000000000e+00
9.701513494121498660e-01,5.000000000000000000e+00,2.000000000000000000e+00
1.055349999744216394e+00,5.000000000000000000e+00,4.000000000000000000e+00
-1.223110158986199902e+00,5.000000000000000000e+00,4.000000000000000000e+00
-1.086935459300470308e+00,5.000000000000000000e+00,2.000000000000000000e+00
3.154311442143854505e-01,1.000000000000000000e+00,2.000000000000000000e+00
1.664287160844393654e+00,1.000000000000000000e+00,2.000000000000000000e+00
-2.176560463205573726e+00,1.000000000000000000e+00,4.000000000000000000e+00
-1.236399017181382953e-01,1.000000000000000000e+00,4.000000000000000000e+00
-2.286910453524219067e-01,5.000000000000000000e+00,2.000000000000000000e+00
1.346566193613177032e-01,5.000000000000000000e+00,4.000000000000000000e+00
1.594231621352545092e-01,1.000000000000000000e+00,4.000000000000000000e+00
6.446847183200120623e-01,1.000000000000000000e+00,4.000000000000000000e+00
-5.789520642845821241e-01,5.000000000000000000e+00,4.000000000000000000e+00
1.987726995295316657e-01,1.000000000000000000e+00,4.000000000000000000e+00
1.206677131647929224e+00,5.000000000000000000e+00,2.000000000000000000e+00
-2.178802964913474638e-01,1.000000000000000000e+00,4.000000000000000000e+00
-4.327875141387559910e-01,1.000000000000000000e+00,2.000000000000000000e+00
1.116017179394444225e+00,5.000000000000000000e+00,2.000000000000000000e+00
-3.175300580613260037e-01,1.000000000000000000e+00,4.000000000000000000e+00
-3.664262800946096466e-01,5.000000000000000000e+00,4.000000000000000000e+00
6.613667362123617499e-01,1.000000000000000000e+00,2.000000000000000000e+00
1.637683623088175278e+00,5.000000000000000000e+00,4.000000000000000000e+00
2.499188813035150558e-01,5.000000000000000000e+00,4.000000000000000000e+00
1.663035135682862764e+00,5.000000000000000000e+00,2.000000000000000000e+00
1.740798836114554327e+00,5.000000000000000000e+00,2.000000000000000000e+00
-1.455437399945072929e+00,1.000000000000000000e+00,4.000000000000000000e+00
7.955847083545871667e-01,1.000000000000000000e+00,2.000000000000000000e+00
-3.099266099636299177e-01,5.000000000000000000e+00,4.000000000000000000e+00
-1.234530495226558777e+00,5.000000000000000000e+00,4.000000000000000000e+00
6.055064010780748102e-02,1.000000000000000000e+00,4.000000000000000000e+00
-2.224919426728762417e+00,5.000000000000000000e+00,2.000000000000000000e+00
1.019597365024590196e+00,1.000000000000000000e+00,2.000000000000000000e+00
-3.296409449003180267e-03,1.000000000000000000e+00,2.000000000000000000e+00
2.205295219139442153e+00,1.000000000000000000e+00,2.000000000000000000e+00
6.357788043748086038e-01,5.000000000000000000e+00,2.000000000000000000e+00
2.481530928633764732e-01,5.000000000000000000e+00,4.000000000000000000e+00
-6.688995020109321787e-01,5.000000000000000000e+00,4.000000000000000000e+00
3.445688408615023013e-01,1.000000000000000000e+00,2.000000000000000000e+00
6.329507133300914523e-01,5.000000000000000000e+00,2.000000000000000000e+00
2.449297248655070147e-01,5.000000000000000000e+00,2.000000000000000000e+00
3.419848694044603371e-02,1.000000000000000000e+00,4.000000000000000000e+00
-1.162492656999297713e+00,5.000000000000000000e+00,4.000000000000000000e+00
-5.363185303320644470e-01,1.000000000000000000e+00,4.000000000000000000e+00
-5.466213107648037334e-02,1.000000000000000000e+00,2.000000000000000000e+00
2.590050920666003842e-01,5.000000000000000000e+00,2.000000000000000000e+00
7.420896317146090659e-01,1.000000000000000000e+00,4.000000000000000000e+00
5.730812727994090139e-01,1.000000000000000000e+00,2.000000000000000000e+00
-2.125169003613170127e-01,5.000000000000000000e+00,2.000000000000000000e+00
5.787087594392362590e-04,1.000000000000000000e+00,4.000000000000000000e+00
6.671764463172173976e-01,1.000000000000000000e+00,2.000000000000000000e+00
-1.444773486870985502e-01,1.000000000000000000e+00,2.000000000000000000e+00
-4.820514829765821796e-01,5.000000000000000000e+00,2.000000000000000000e+00
-8.721737123650691315e-01,1.000000000000000000e+00,4.000000000000000000e+00
-3.582534495290881638e-02,5.000000000000000000e+00,2.000000000000000000e+00
4.878355365018211542e-01,5.000000000000000000e+00,2.000000000000000000e+00
-3.637925151275387958e-01,5.000000000000000000e+00,4.000000000000000000e+00
3.239030737686764971e-01,5.000000000000000000e+00,2.000000000000000000e+00
1.035228978047791348e-01,1.000000000000000000e+00,4.000000000000000000e+00
-4.709158922322313479e-01,1.000000000000000000e+00,2.000000000000000000e+00
6.448607606215079890e-01,1.000000000000000000e+00,4.000000000000000000e+00
1.874846161185715232e+00,5.000000000000000000e+00,2.000000000000000000e+00
-1.488388706873565726e+00,1.000000000000000000e+00,2.000000000000000000e+00
-1.543264601824540783e-01,5.000000000000000000e+00,2.000000000000000000e+00
-3.828021166419773857e-01,1.000000000000000000e+00,4.000000000000000000e+00
-1.589680763588900314e+00,5.000000000000000000e+00,2.000000000000000000e+00
4.290597477229097789e-01,5.000000000000000000e+00,2.000000000000000000e+00
-1.638098366587442678e+00,5.000000000000000000e+00,2.000000000000000000e+00
-2.837179482076040427e-01,1.000000000000000000e+00,4.000000000000000000e+00
1.548608894693429106e+00,1.000000000000000000e+00,4.000000000000000000e+00
8.131705283947929797e-01,5.000000000000000000e+00,4.000000000000000000e+00
5.762176594400528762e-01,1.000000000000000000e+00,4.000000000000000000e+00
-6.602394890412350836e-01,1.000000000000000000e+00,4.000000000000000000e+00
-4.873519811232092103e-01,1.000000000000000000e+00,4.000000000000000000e+00
-8.623231291747752714e-01,1.000000000000000000e+00,4.000000000000000000e+00
1.611915606239611387e+00,1.000000000000000000e+00,2.000000000000000000e+00
-8.496167850319494286e-02,1.000000000000000000e+00,4.000000000000000000e+00
7.504488474036092871e-01,1.000000000000000000e+00,4.000000000000000000e+00
-1.090427466075771790e+00,5.000000000000000000e+00,4.000000000000000000e+00
3.214792386985834693e-01,5.000000000000000000e+00,4.000000000000000000e+00
1.317748894743956178e+00,1.000000000000000000e+00,2.000000000000000000e+00
-6.113969946389078425e-01,5.000000000000000000e+00,4.000000000000000000e+00
-7.620976583396110726e-01,5.000000000000000000e+00,2.000000000000000000e+00
-1.848276890716146204e+00,5.000000000000000000e+00,4.000000000000000000e+00
-1.426961395128910626e-01,5.000000000000000000e+00,2.000000000000000000e+00
-1.107259382099125444e+00,5.000000000000000000e+00,4.000000000000000000e+00
3.957252510228039810e-01,1.000000000000000000e+00,2.000000000000000000e+00
2.165107697496862493e-02,5.000000000000000000e+00,2.000000000000000000e+00
6.703116304910413659e-01,1.000000000000000000e+00,4.000000000000000000e+00
-2.994047238364412888e-01,1.000000000000000000e+00,2.000000000000000000e+00
-1.219851536536297187e+00,1.000000000000000000e+00,4.000000000000000000e+00
-4.336600042550435574e-02,5.000000000000000000e+00,4.000000000000000000e+00
-7.766878435007128489e-01,1.000000000000000000e+00,4.000000000000000000e+00
-1.567919079020646755e+00,5.000000000000000000e+00,2.000000000000000000e+00
1.321779731495430044e+00,1.000000000000000000e+00,2.000000000000000000e+00
6.282312815267804273e-01,5.000000000000000000e+00,4.000000000000000000e+00
3.232600656680526541e-01,5.000000000000000000e+00,4.000000000000000000e+00
1.952893611248304184e-01,1.000000000000000000e+00,4.000000000000000000e+00
-1.757059519300693928e+00,1.000000000000000000e+00,2.000000000000000000e+00
2.204468293432018944e-01,5.000000000000000000e+00,2.000000000000000000e+00
4.421181380025438618e-02,1.000000000000000000e+00,2.000000000000000000e+00
-5.104124410764326880e-01,1.000000000000000000e+00,4.000000000000000000e+00
-1.242645562380609414e+00,5.000000000000000000e+00,2.000000000000000000e+00
-1.246253713745067548e+00,1.000000000000000000e+00,2.000000000000000000e+00
-1.565509898491239005e+00,5.000000000000000000e+00,2.000000000000000000e+00
2.835286034090984675e-01,5.000000000000000000e+00,2.000000000000000000e+00
-2.817425085196367807e-01,5.000000000000000000e+00,4.000000000000000000e+00
-7.902130087969260197e-01,1.000000000000000000e+00,4.000000000000000000e+00
6.544050397022579402e-01,5.000000000000000000e+00,2.000000000000000000e+00
6.419606704292102339e-02,1.000000000000000000e+00,4.000000000000000000e+00
-1.364568320777010957e+00,1.000000000000000000e+00,2.000000000000000000e+00
1.989426200398302313e+00,5.000000000000000000e+00,2.000000000000000000e+00
-1.276905219806678149e+00,1.000000000000000000e+00,2.000000000000000000e+00
-1.204903449134486326e+00,1.000000000000000000e+00,4.000000000000000000e+00
1.866603252323635054e-01,5.000000000000000000e+00,4.000000000000000000e+00
5.019524615678531143e-01,5.000000000000000000e+00,2.000000000000000000e+00
5.248293711345922846e-02,1.000000000000000000e+00,2.000000000000000000e+00
-9.029243198218881439e-01,5.000000000000000000e+00,2.000000000000000000e+00
3.571379585713007065e-01,5.000000000000000000e+00,4.000000000000000000e+00
8.722832427706687930e-02,1.000000000000000000e+00,4.000000000000000000e+00
5.059995563860225642e-01,5.000000000000000000e+00,4.000000000000000000e+00
-1.211574084240795157e-01,1.000000000000000000e+00,4.000000000000000000e+00
2.429828718877827531e-01,1.000000000000000000e+00,2.000000000000000000e+00
5.845194057346271288e-01,1.000000000000000000e+00,4.000000000000000000e+00
1.360673711920281637e-01,1.000000000000000000e+00,2.000000000000000000e+00
-4.063649417438648936e-01,1.000000000000000000e+00,2.000000000000000000e+00
-7.827190058917647963e-01,1.000000000000000000e+00,2.000000000000000000e+00
1.655573630153192921e+00,5.000000000000000000e+00,4.000000000000000000e+00
2.014983574463602878e+00,1.000000000000000000e+00,4.000000000000000000e+00
8.093715950647152602e-02,1.000000000000000000e+00,2.000000000000000000e+00
-2.843314906546416942e+00,1.000000000000000000e+00,2.000000000000000000e+00
-3.279343107321019413e-01,1.000000000000000000e+00,4.000000000000000000e+00
4.298362590235981773e-01,5.000000000000000000e+00,2.000000000000000000e+00
-4.465797739416310641e-01,5.000000000000000000e+00,4.000000000000000000e+00
1.631751273511113043e+00,1.000000000000000000e+00,4.000000000000000000e+00
-2.793563466879274704e-01,5.000000000000000000e+00,4.000000000000000000e+00
-1.455215416881359580e+00,1.000000000000000000e+00,4.000000000000000000e+00
-1.069814602375096735e+00,1.000000000000000000e+00,4.000000000000000000e+00
1.187922102799876756e+00,5.000000000000000000e+00,4.000000000000000000e+00
1.758908243197203902e-01,1.000000000000000000e+00,4.000000000000000000e+00
-8.567541870791107739e-01,1.000000000000000000e+00,4.000000000000000000e+00
-6.173054261754651328e-01,5.000000000000000000e+00,4.000000000000000000e+00
2.802535912787499917e-01,1.000000000000000000e+00,2.000000000000000000e+00
-5.870399982841800757e-01,5.000000000000000000e+00,4.000000000000000000e+00
-1.270400115699052979e+00,1.000000000000000000e+00,2.000000000000000000e+00
-6.488018212866113466e-01,1.000000000000000000e+00,4.000000000000000000e+00
4.465896154345324054e-01,5.000000000000000000e+00,2.000000000000000000e+00
9.102019695614280148e-02,1.000000000000000000e+00,2.000000000000000000e+00
-1.433509763149066085e+00,1.000000000000000000e+00,2.000000000000000000e+00
1.424799238673829516e+00,1.000000000000000000e+00,4.000000000000000000e+00
-2.053533160819031700e+00,1.000000000000000000e+00,4.000000000000000000e+00
-1.112917330882673639e+00,1.000000000000000000e+00,4.000000000000000000e+00
4.918892861262303545e-02,1.000000000000000000e+00,2.000000000000000000e+00
7.307951128576055666e-01,1.000000000000000000e+00,4.000000000000000000e+00
5.223688851185481763e-01,5.000000000000000000e+00,2.000000000000000000e+00
-1.403083404412216018e+00,1.000000000000000000e+00,2.000000000000000000e+00
-3.261467870939301905e-01,5.000000000000000000e+00,2.000000000000000000e+00
-4.248335407792841467e-01,5.000000000000000000e+00,4.000000000000000000e+00
1.642357873190428252e+00,1.000000000000000000e+00,2.000000000000000000e+00
-6.894750645908759301e-01,5.000000000000000000e+00,2.000000000000000000e+00
-1.185825926017036513e+00,5.000000000000000000e+00,2.000000000000000000e+00
-1.850231368399322562e+00,1.000000000000000000e+00,2.000000000000000000e+00
2.936254676720470025e-01,5.000000000000000000e+00,4.000000000000000000e+00
-5.068070429239259767e-01,1.000000000000000000e+00,2.000000000000000000e+00
-8.852681756052610540e-01,5.000000000000000000e+00,4.000000000000000000e+00
3.580564984356383595e-01,5.000000000000000000e+00,2.000000000000000000e+00
1.761308212687592745e+00,5.000000000000000000e+00,2.000000000000000000e+00
8.122852734872699765e-01,1.000000000000000000e+00,4.000000000000000000e+00
-1.317628338783812358e+00,5.000000000000000000e+00,2.000000000000000000e+00
-4.880679490133242870e-01,5.000000000000000000e+00,2.000000000000000000e+00
6.227192680025521732e-01,5.000000000000000000e+00,2.000000000000000000e+00
-4.321565574890671169e-01,5.000000000000000000e+00,4.000000000000000000e+00
-1.462632538743150690e+00,1.000000000000000000e+00,2.000000000000000000e+00
-4.062866718209916517e-01,1.000000000000000000e+00,2.000000000000000000e+00
-2.728076698608375428e-02,5.000000000000000000e+00,4.000000000000000000e+00
-1.521696351750754461e+00,5.000000000000000000e+00,4.000000000000000000e+00
-2.650019818554447681e-01,1.000000000000000000e+00,2.000000000000000000e+00
9.683043733200478176e-01,5.000000000000000000e+00,2.000000000000000000e+00
-7.806233847633519130e-01,1.000000000000000000e+00,4.000000000000000000e+00
6.642751840856770951e-01,1.000000000000000000e+00,4.000000000000000000e+00
1.090934314702498797e+00,1.000000000000000000e+00,2.000000000000000000e+00
4.529280832399806278e-01,1.000000000000000000e+00,2.000000000000000000e+00
-1.111072924872174239e+00,5.000000000000000000e+00,2.000000000000000000e+00
-6.004305590558433048e-01,1.000000000000000000e+00,4.000000000000000000e+00
8.297825381881200890e-01,5.000000000000000000e+00,2.000000000000000000e+00
-7.772269228407159281e-01,5.000000000000000000e+00,2.000000000000000000e+00
-1.853504247514755177e+00,5.000000000000000000e+00,2.000000000000000000e+00
8.007425015289840742e-01,5.000000000000000000e+00,4.000000000000000000e+00
-1.314051519239264554e+00,1.000000000000000000e+00,2.000000000000000000e+00
1.145517117101850113e+00,1.000000000000000000e+00,4.000000000000000000e+00
-5.917144814825855414e-01,5.000000000000000000e+00,2.000000000000000000e+00
7.112239503078362501e-01,1.000000000000000000e+00,4.000000000000000000e+00
-1.141980052206466256e+00,5.000000000000000000e+00,2.000000000000000000e+00
1.344891425839494836e+00,5.000000000000000000e+00,2.000000000000000000e+00
4.116408165767364014e-01,5.000000000000000000e+00,4.000000000000000000e+00
3.810181254279192825e-02,1.000000000000000000e+00,2.000000000000000000e+00
-5.523601467832334189e-01,5.000000000000000000e+00,2.000000000000000000e+00
3.436006056019073607e-01,5.000000000000000000e+00,4.000000000000000000e+00
-2.675486783203106511e-01,5.000000000000000000e+00,2.000000000000000000e+00
-6.304599319763327936e-02,1.000000000000000000e+00,4.000000000000000000e+00
-7.671761438866046001e-01,1.000000000000000000e+00,2.000000000000000000e+00
1.714884844301030720e+00,1.000000000000000000e+00,2.000000000000000000e+00
1.311576923627781444e+00,1.000000000000000000e+00,2.000000000000000000e+00
-1.430571800993571729e+00,5.000000000000000000e+00,4.000000000000000000e+00
1.083098454195141169e+00,1.000000000000000000e+00,2.000000000000000000e+00
-1.819070313242213022e+00,5.000000000000000000e+00,4.000000000000000000e+00
-2.205124864365261561e-01,5.000000000000000000e+00,2.000000000000000000e+00
4.886340316327389965e-01,1.000000000000000000e+00,4.000000000000000000e+00
-5.965411094626825728e-01,5.000000000000000000e+00,2.000000000000000000e+00
1.512553172247588402e-02,5.000000000000000000e+00,4.000000000000000000e+00
1.686541717579538302e+00,1.000000000000000000e+00,2.000000000000000000e+00
-1.104580105656397748e+00,1.000000000000000000e+00,2.000000000000000000e+00
-7.961939131755989552e-01,5.000000000000000000e+00,4.000000000000000000e+00
-1.108645781519890239e+00,1.000000000000000000e+00,4.000000000000000000e+00
-3.517474101874398795e-01,1.000000000000000000e+00,2.000000000000000000e+00
-8.367560708698860150e-01,5.000000000000000000e+00,2.000000000000000000e+00
-9.482624590436805612e-01,5.000000000000000000e+00,2.000000000000000000e+00
-2.909429803438955409e-01,1.000000000000000000e+00,2.000000000000000000e+00
1.307890893713983926e+00,5.000000000000000000e+00,4.000000000000000000e+00
6.783349420259954243e-01,1.000000000000000000e+00,2.000000000000000000e+00
-9.478777354438286742e-03,1.000000000000000000e+00,4.000000000000000000e+00
3.960487049904414247e-01,5.000000000000000000e+00,4.000000000000000000e+00
1.925431847234994942e+00,1.000000000000000000e+00,2.000000000000000000e+00
3.926095418144943117e-01,5.000000000000000000e+00,2.000000000000000000e+00
1.147403399755039910e+00,1.000000000000000000e+00,4.000000000000000000e+00
6.272412392515235302e-01,1.000000000000000000e+00,2.000000000000000000e+00
-7.528399851039970780e-01,1.000000000000000000e+00,4.000000000000000000e+00
1.729128516203831456e+00,1.000000000000000000e+00,2.000000000000000000e+00
-1.348554533287816160e+00,1.000000000000000000e+00,4.000000000000000000e+00
8.566818391938565425e-01,5.000000000000000000e+00,2.000000000000000000e+00
1.453833206940554901e-01,5.000000000000000000e+00,2.000000000000000000e+00
2.186989701066541336e+00,5.000000000000000000e+00,4.000000000000000000e+00
-1.438551756857870886e-02,1.000000000000000000e+00,4.000000000000000000e+00
-1.169381058328348294e-01,5.000000000000000000e+00,4.000000000000000000e+00
-1.051554449683640424e+00,1.000000000000000000e+00,4.000000000000000000e+00
2.501124691695970625e-01,1.000000000000000000e+00,2.000000000000000000e+00
6.929463633444599147e-01,1.000000000000000000e+00,4.000000000000000000e+00
-1.942536071557747837e-02,5.000000000000000000e+00,2.000000000000000000e+00
1.188102758498759570e+00,1.000000000000000000e+00,2.000000000000000000e+00
-6.584765712974514074e-01,5.000000000000000000e+00,2.000000000000000000e+00
-1.268976119879263287e+00,1.000000000000000000e+00,4.000000000000000000e+00
1.045095479402962990e+00,1.000000000000000000e+00,2.000000000000000000e+00
9.951376675609870937e-01,1.000000000000000000e+00,4.000000000000000000e+00
-5.586558242906555227e-01,1.000000000000000000e+00,2.000000000000000000e+00
-1.063314201937033410e+00,1.000000000000000000e+00,2.000000000000000000e+00
-1.958023635264938056e+00,5.000000000000000000e+00,4.000000000000000000e+00
4.470500164791245123e-01,1.000000000000000000e+00,4.000000000000000000e+00
2.634473642231993651e-01,5.000000000000000000e+00,2.000000000000000000e+00
-1.014840831795573939e+00,5.000000000000000000e+00,4.000000000000000000e+00
-5.551659583654133812e-01,5.000000000000000000e+00,4.000000000000000000e+00
3.946049967129006686e-01,5.000000000000000000e+00,4.000000000000000000e+00
2.164862371515529071e-01,5.000000000000000000e+00,2.000000000000000000e+00
-3.102130030788318726e-01,5.000000000000000000e+00,4.000000000000000000e+00
1.511311022203806864e+00,5.000000000000000000e+00,2.000000000000000000e+00
-2.175447319878064167e+00,1.000000000000000000e+00,2.000000000000000000e+00
1.400697491232127279e+00,1.000000000000000000e+00,2.000000000000000000e+00
1.370723972655177425e+00,1.000000000000000000e+00,4.000000000000000000e+00
1.655223130956072985e+00,5.000000000000000000e+00,4.000000000000000000e+00
-3.284277619594652697e-01,1.000000000000000000e+00,4.000000000000000000e+00
-5.957038907106453340e-01,1.000000000000000000e+00,2.000000000000000000e+00
-2.015879776403506005e-02,5.000000000000000000e+00,4.000000000000000000e+00
4.272183815285389152e-01,1.000000000000000000e+00,4.000000000000000000e+00
5.122570065378894144e-01,5.000000000000000000e+00,4.000000000000000000e+00
1.408129342142623308e+00,5.000000000000000000e+00,4.000000000000000000e+00
2.004809759894963239e+00,5.000000000000000000e+00,2.000000000000000000e+00
-7.135729219450137606e-01,5.000000000000000000e+00,2.000000000000000000e+00
-1.009378437187846478e+00,5.000000000000000000e+00,4.000000000000000000e+00
1.242153519510175386e+00,1.000000000000000000e+00,2.000000000000000000e+00
2.509577855106646993e+00,1.000000000000000000e+00,2.000000000000000000e+00
-1.243497762164018861e+00,1.000000000000000000e+00,4.000000000000000000e+00
-3.601608591772982593e-02,1.000000000000000000e+00,4.000000000000000000e+00
4.157297375268008688e-01,1.000000000000000000e+00,2.000000000000000000e+00
1.910483739008295823e+00,1.000000000000000000e+00,2.000000000000000000e+00
-1.440229455563788452e-01,5.000000000000000000e+00,4.000000000000000000e+00
-1.468120210519744173e+00,1.000000000000000000e+00,2.000000000000000000e+00
1.021709091085766019e+00,1.000000000000000000e+00,2.000000000000000000e+00
-1.834784050866491656e+00,1.000000000000000000e+00,4.000000000000000000e+00
5.293433039551320718e-02,1.000000000000000000e+00,4.000000000000000000e+00
1.017966415410746617e+00,1.000000000000000000e+00,2.000000000000000000e+00
-8.383096002236239963e-01,1.000000000000000000e+00,4.000000000000000000e+00
5.153100608327599863e-01,1.000000000000000000e+00,4.000000000000000000e+00
-1.860726282899612116e-01,1.000000000000000000e+00,4.000000000000000000e+00
-1.217946018413979425e+00,5.000000000000000000e+00,2.000000000000000000e+00
1.143921368992698806e+00,5.000000000000000000e+00,2.000000000000000000e+00
6.866653076967241809e-01,1.000000000000000000e+00,2.000000000000000000e+00
-7.798400531759953624e-01,5.000000000000000000e+00,2.000000000000000000e+00
6.258805634141033636e-01,1.000000000000000000e+00,2.000000000000000000e+00
9.703579051504154229e-01,5.000000000000000000e+00,4.000000000000000000e+00
4.585619458978166807e-01,5.000000000000000000e+00,2.000000000000000000e+00
-1.755222522601505908e+00,5.000000000000000000e+00,4.000000000000000000e+00
-3.308493140926924703e-01,1.000000000000000000e+00,2.000000000000000000e+00
-5.955517790821300839e-01,1.000000000000000000e+00,4.000000000000000000e+00
1.424059156514605184e-01,1.000000000000000000e+00,4.000000000000000000e+00
4.080218460867910402e-01,5.000000000000000000e+00,2.000000000000000000e+00
-1.215174093108531937e-02,1.000000000000000000e+00,4.000000000000000000e+00
-1.227070355709937166e+00,5.000000000000000000e+00,2.000000000000000000e+00
-1.178262079468880508e+00,5.000000000000000000e+00,4.000000000000000000e+00
3.145788771358510427e+00,1.000000000000000000e+00,4.000000000000000000e+00
5.822368010067796584e-01,5.000000000000000000e+00,4.000000000000000000e+00
8.003103535250019052e-01,5.000000000000000000e+00,2.000000000000000000e+00
-4.305987965306652676e-02,5.000000000000000000e+00,4.000000000000000000e+00
1.321569709930857206e+00,5.000000000000000000e+00,4.000000000000000000e+00
-1.630056660882497899e-01,1.000000000000000000e+00,4.000000000000000000e+00
-3.883092557385513510e-01,5.000000000000000000e+00,2.000000000000000000e+00
3.851559183599634340e-01,5.000000000000000000e+00,2.000000000000000000e+00
-4.467195527652390030e-01,1.000000000000000000e+00,2.000000000000000000e+00
1.685531897229435527e+00,1.000000000000000000e+00,2.000000000000000000e+00
-2.887605310670876557e-01,1.000000000000000000e+00,4.000000000000000000e+00
-5.203556116628108574e-01,1.000000000000000000e+00,2.000000000000000000e+00
1.026752461933825966e+00,1.000000000000000000e+00,4.000000000000000000e+00
7.785699250736457522e-01,5.000000000000000000e+00,4.000000000000000000e+00
-7.677798547615226621e-01,1.000000000000000000e+00,2.000000000000000000e+00
-9.110185361875965393e-01,1.000000000000000000e+00,4.000000000000000000e+00
-2.804629869350126814e+00,1.000000000000000000e+00,2.000000000000000000e+00
8.722670431632579824e-01,5.000000000000000000e+00,4.000000000000000000e+00
5.716218344077179658e-01,5.000000000000000000e+00,4.000000000000000000e+00
-2.999466458787658496e-01,1.000000000000000000e+00,2.000000000000000000e+00
-8.260350868556305404e-01,5.000000000000000000e+00,4.000000000000000000e+00
-5.067644064120504499e-01,5.000000000000000000e+00,4.000000000000000000e+00
-1.358603080379830352e+00,1.000000000000000000e+00,4.000000000000000000e+00
7.393289221308910752e-01,1.000000000000000000e+00,4.000000000000000000e+00
-1.169085486544633623e+00,1.000000000000000000e+00,2.000000000000000000e+00
1.187948926596407828e+00,1.000000000000000000e+00,4.000000000000000000e+00
-5.755357088013612898e-01,5.000000000000000000e+00,4.000000000000000000e+00
-1.374826833391911363e+00,1.000000000000000000e+00,2.000000000000000000e+00
-2.544997942375065159e-01,5.000000000000000000e+00,2.000000000000000000e+00
1.054331367861584656e+00,5.000000000000000000e+00,4.000000000000000000e+00
1.624740403198471628e-01,1.000000000000000000e+00,2.000000000000000000e+00
1.034703775511778057e+00,5.000000000000000000e+00,4.000000000000000000e+00
-1.259368299898501187e+00,1.000000000000000000e+00,2.000000000000000000e+00
1.124508906135358144e+00,1.000000000000000000e+00,4.000000000000000000e+00
-9.214013645357119753e-01,1.000000000000000000e+00,2.000000000000000000e+00
-7.309075140760108724e-02,5.000000000000000000e+00,2.000000000000000000e+00
9.901283003486820444e-01,1.000000000000000000e+00,4.000000000000000000e+00
7.945462853406404236e-01,5.000000000000000000e+00,2.000000000000000000e+00
-3.742688028632851771e-01,1.000000000000000000e+00,2.000000000000000000e+00
-6.246254409794547158e-01,1.000000000000000000e+00,4.000000000000000000e+00
-6.585196980045422421e-01,5.000000000000000000e+00,4.000000000000000000e+00
1.227135564786207833e-01,1.000000000000000000e+00,2.000000000000000000e+00
1.315047079689321274e-01,5.000000000000000000e+00,4.000000000000000000e+00
1.870739791323207557e+00,1.000000000000000000e+00,4.000000000000000000e+00
-3.850390305451052431e-01,5.000000000000000000e+00,2.000000000000000000e+00
9.258950283174346430e-01,1.000000000000000000e+00,4.000000000000000000e+00
1.013241909701780408e+00,5.000000000000000000e+00,2.000000000000000000e+00
1.370413174988723171e+00,5.000000000000000000e+00,4.000000000000000000e+00
-7.992157971750484258e-01,5.000000000000000000e+00,4.000000000000000000e+00
-3.742039412496509510e-01,1.000000000000000000e+00,4.000000000000000000e+00
-1.788917849670514371e-01,5.000000000000000000e+00,2.000000000000000000e+00
-1.415440171831501059e+00,5.000000000000000000e+00,4.000000000000000000e+00
9.779763857105822078e-01,5.000000000000000000e+00,2.000000000000000000e+00
7.139885565277513946e-01,1.000000000000000000e+00,4.000000000000000000e+00
1.022450297576630307e+00,5.000000000000000000e+00,2.000000000000000000e+00
-2.899574436790599008e-01,5.000000000000000000e+00,2.000000000000000000e+00
-8.063411318978579434e-01,5.000000000000000000e+00,2.000000000000000000e+00
9.874917886005651901e-02,1.000000000000000000e+00,4.000000000000000000e+00
-4.431958982735498820e-01,1.000000000000000000e+00,4.000000000000000000e+00
2.837201036757405759e-01,1.000000000000000000e+00,4.000000000000000000e+00
-2.695271601494131919e-01,5.000000000000000000e+00,4.000000000000000000e+00
1.016559976080516403e+00,5.000000000000000000e+00,2.000000000000000000e+00
-1.177450296907915916e+00,1.000000000000000000e+00,4.000000000000000000e+00
8.691233190865221836e-01,5.000000000000000000e+00,4.000000000000000000e+00
-1.775354226982297057e+00,1.000000000000000000e+00,2.000000000000000000e+00
6.824697860573639696e-01,1.000000000000000000e+00,4.000000000000000000e+00
1.586173721652152535e+00,5.000000000000000000e+00,4.000000000000000000e+00
-6.031154234859669172e-01,5.000000000000000000e+00,2.000000000000000000e+00
-1.111052384933768122e+00,5.000000000000000000e+00,2.000000000000000000e+00
-2.035887449217551604e-01,1.000000000000000000e+00,4.000000000000000000e+00
-5.285127319963143222e-01,5.000000000000000000e+00,2.000000000000000000e+00
1.150677186184932976e+00,1.000000000000000000e+00,2.000000000000000000e+00
8.228737927928775342e-02,1.000000000000000000e+00,4.000000000000000000e+00
-1.334163263005317956e+00,1.000000000000000000e+00,4.000000000000000000e+00
1.292997750429565329e+00,1.000000000000000000e+00,4.000000000000000000e+00
-2.040178365609137123e-01,1.000000000000000000e+00,2.000000000000000000e+00
5.996453992554026113e-01,5.000000000000000000e+00,4.000000000000000000e+00
6.321937436286301226e-01,1.000000000000000000e+00,4.000000000000000000e+00
5.871471056753937434e-01,5.000000000000000000e+00,4.000000000000000000e+00
-2.012545924131499575e+00,1.000000000000000000e+00,2.000000000000000000e+00
-9.526129970374705436e-02,1.000000000000000000e+00,4.000000000000000000e+00
5.308958663108874765e-01,5.000000000000000000e+00,4.000000000000000000e+00
9.375013507283368464e-01,1.000000000000000000e+00,4.000000000000000000e+00
2.936862493312853761e+00,1.000000000000000000e+00,4.000000000000000000e+00
-2.230717095700655239e+00,5.000000000000000000e+00,4.000000000000000000e+00
-5.912189869541230047e-01,1.000000000000000000e+00,4.000000000000000000e+00
-4.110390879463589053e-01,5.000000000000000000e+00,2.000000000000000000e+00
9.216468181463840503e-01,1.000000000000000000e+00,2.000000000000000000e+00
3.143249424192982033e-01,1.000000000000000000e+00,4.000000000000000000e+00
-2.730837208973823649e-01,5.000000000000000000e+00,4.000000000000000000e+00
-3.456758306492321298e-01,1.000000000000000000e+00,2.000000000000000000e+00
-1.262842436619235009e+00,5.000000000000000000e+00,2.000000000000000000e+00
1.800390310906608615e+00,5.000000000000000000e+00,4.000000000000000000e+00
5.769324963920327010e-01,5.000000000000000000e+00,2.000000000000000000e+00
8.093085471540403253e-01,5.000000000000000000e+00,2.000000000000000000e+00
3.468926092630123664e-02,5.000000000000000000e+00,2.000000000000000000e+00
-1.212678883781517919e-01,1.000000000000000000e+00,2.000000000000000000e+00
-9.344160696548881040e-01,5.000000000000000000e+00,4.000000000000000000e+00
1.782165187428234321e-01,1.000000000000000000e+00,2.000000000000000000e+00
5.960211499215758435e-01,1.000000000000000000e+00,2.000000000000000000e+00
-5.642137813936498603e-01,1.000000000000000000e+00,2.000000000000000000e+00
-9.217995082644340199e-01,5.000000000000000000e+00,2.000000000000000000e+00
-4.904822909744558368e-01,1.000000000000000000e+00,2.000000000000000000e+00
9.377501056653202438e-01,1.000000000000000000e+00,4.000000000000000000e+00
1.236480292845815177e+00,5.000000000000000000e+00,2.000000000000000000e+00
-7.760214730619584556e-01,5.000000000000000000e+00,2.000000000000000000e+00
-1.344587811431781521e+00,1.000000000000000000e+00,2.000000000000000000e+00
-5.629926699711526039e-01,1.000000000000000000e+00,4.000000000000000000e+00
-9.247993313194591281e-01,1.000000000000000000e+00,4.000000000000000000e+00
-7.874293610334596183e-01,1.000000000000000000e+00,4.000000000000000000e+00
-6.316029217743877877e-02,1.000000000000000000e+00,2.000000000000000000e+00
-1.645152251275268929e-01,5.000000000000000000e+00,2.000000000000000000e+00
-1.131821915871042972e+00,1.000000000000000000e+00,4.000000000000000000e+00
3.495800311128965721e+00,1.000000000000000000e+00,4.000000000000000000e+00
2.746331715380889160e-01,1.000000000000000000e+00,4.000000000000000000e+00
-1.701645719290440617e+00,5.000000000000000000e+00,2.000000000000000000e+00
-1.911488091002950807e+00,5.000000000000000000e+00,2.000000000000000000e+00
-8.223811758928681881e-01,5.000000000000000000e+00,4.000000000000000000e+00
3.378077582150730840e-01,5.000000000000000000e+00,4.000000000000000000e+00
-8.087866364038724942e-01,5.000000000000000000e+00,4.000000000000000000e+00
6.033437704258218931e-02,1.000000000000000000e+00,2.000000000000000000e+00
-1.141220135626096255e+00,1.000000000000000000e+00,4.000000000000000000e+00
1.677659236652502939e+00,5.000000000000000000e+00,4.000000000000000000e+00
-3.419076912999955559e-02,5.000000000000000000e+00,2.000000000000000000e+00
1.312242702125197447e+00,5.000000000000000000e+00,4.000000000000000000e+00
-1.107165794986733509e+00,1.000000000000000000e+00,2.000000000000000000e+00
9.564825217059533813e-01,1.000000000000000000e+00,4.000000000000000000e+00
-1.184989171880592496e+00,5.000000000000000000e+00,2.000000000000000000e+00
-3.058889807436844799e-01,5.000000000000000000e+00,2.000000000000000000e+00
7.833451423423748450e-01,1.000000000000000000e+00,4.000000000000000000e+00
-1.412744623734945915e+00,1.000000000000000000e+00,2.000000000000000000e+00
-1.762764144540901814e-02,5.000000000000000000e+00,2.000000000000000000e+00
-1.740157034108637868e+00,5.000000000000000000e+00,2.000000000000000000e+00
9.314041664770258411e-01,5.000000000000000000e+00,4.000000000000000000e+00
-3.385810069736623351e-01,5.000000000000000000e+00,2.000000000000000000e+00
9.866240446779156459e-01,1.000000000000000000e+00,4.000000000000000000e+00
1.614766209419908227e+00,1.000000000000000000e+00,4.000000000000000000e+00
-1.516472422788126551e-01,1.000000000000000000e+00,2.000000000000000000e+00
5.438043797865599327e-01,5.000000000000000000e+00,2.000000000000000000e+00
1.556700050765237042e-01,5.000000000000000000e+00,2.000000000000000000e+00
9.310449028921989889e-01,1.000000000000000000e+00,2.000000000000000000e+00
2.133806055893862352e-01,5.000000000000000000e+00,2.000000000000000000e+00
-2.211104499384688449e+00,5.000000000000000000e+00,4.000000000000000000e+00
-1.001461695270235097e+00,5.000000000000000000e+00,4.000000000000000000e+00
-1.223609132402610156e+00,5.000000000000000000e+00,2.000000000000000000e+00
1.316458339106026498e+00,1.000000000000000000e+00,2.000000000000000000e+00
2.503120581734004091e+00,5.000000000000000000e+00,4.000000000000000000e+00
-2.516687498025437231e-01,1.000000000000000000e+00,2.000000000000000000e+00
4.932649874801963708e-01,5.000000000000000000e+00,2.000000000000000000e+00
2.539394676651114957e-01,5.000000000000000000e+00,4.000000000000000000e+00
-8.774306861513081479e-01,1.000000000000000000e+00,4.000000000000000000e+00
-5.951155396862725100e-01,5.000000000000000000e+00,4.000000000000000000e+00
-1.282549847291253098e+00,5.000000000000000000e+00,4.000000000000000000e+00
-8.603246789916930981e-02,1.000000000000000000e+00,2.000000000000000000e+00
2.773477949222092898e-01,1.000000000000000000e+00,4.000000000000000000e+00
7.649893001474160625e-01,1.000000000000000000e+00,4.000000000000000000e+00
6.596597856121140246e-01,1.000000000000000000e+00,4.000000000000000000e+00
1.376203071246379084e+00,5.000000000000000000e+00,2.000000000000000000e+00
1.337794419329199958e+00,1.000000000000000000e+00,2.000000000000000000e+00
-8.084228333523346688e-01,1.000000000000000000e+00,2.000000000000000000e+00
-7.594096687990475880e-01,1.000000000000000000e+00,4.000000000000000000e+00
-6.117112689904815603e-01,1.000000000000000000e+00,4.000000000000000000e+00
1.057134433473440716e+00,1.000000000000000000e+00,2.000000000000000000e+00
1.158602669983311628e+00,5.000000000000000000e+00,2.000000000000000000e+00
2.599557118871194117e+00,1.000000000000000000e+00,2.000000000000000000e+00
5.437161286921758929e-01,5.000000000000000000e+00,4.000000000000000000e+00
-6.151086003111631006e-01,5.000000000000000000e+00,4.000000000000000000e+00
4.485863975220615307e-01,5.000000000000000000e+00,2.000000000000000000e+00
1.307809729757502426e+00,1.000000000000000000e+00,4.000000000000000000e+00
-1.392656458668093400e+00,5.000000000000000000e+00,2.000000000000000000e+00
7.568492312390446841e-01,1.000000000000000000e+00,4.000000000000000000e+00
-7.257537587612212793e-01,5.000000000000000000e+00,4.000000000000000000e+00
5.428476531064773125e-01,5.000000000000000000e+00,4.000000000000000000e+00
7.411627946625884977e-01,1.000000000000000000e+00,2.000000000000000000e+00
-1.303533376612788564e+00,1.000000000000000000e+00,2.000000000000000000e+00
7.815847853734976258e-01,5.000000000000000000e+00,2.000000000000000000e+00
2.666191614070111404e-01,1.000000000000000000e+00,4.000000000000000000e+00
-4.457623890285564716e-01,1.000000000000000000e+00,4.000000000000000000e+00
-3.421928039927014442e+00,5.000000000000000000e+00,4.000000000000000000e+00
1.167969437024846992e-02,1.000000000000000000e+00,4.000000000000000000e+00
2.534093560590712224e-01,5.000000000000000000e+00,2.000000000000000000e+00
2.216599161237317595e-01,1.000000000000000000e+00,4.000000000000000000e+00
1.156027726642664177e+00,1.000000000000000000e+00,2.000000000000000000e+00
-1.215081714177792954e-01,5.000000000000000000e+00,4.000000000000000000e+00
6.614654033154241386e-01,1.000000000000000000e+00,4.000000000000000000e+00
-1.688628644401266810e+00,5.000000000000000000e+00,4.000000000000000000e+00
3.688208905734534082e-01,5.000000000000000000e+00,2.000000000000000000e+00
9.536621106716990370e-01,5.000000000000000000e+00,2.000000000000000000e+00
-8.233096975681680751e-01,1.000000000000000000e+00,4.000000000000000000e+00
1.279707378236447424e+00,1.000000000000000000e+00,2.000000000000000000e+00
1.103248110290511619e+00,5.000000000000000000e+00,4.000000000000000000e+00
1.672818154427233583e+00,5.000000000000000000e+00,4.000000000000000000e+00
3.585875779494848148e-01,1.000000000000000000e+00,4.000000000000000000e+00
-4.634742036548306632e-01,5.000000000000000000e+00,2.000000000000000000e+00
-1.971724839571183718e+00,1.000000000000000000e+00,4.000000000000000000e+00
-6.287686371409457742e-01,5.000000000000000000e+00,2.000000000000000000e+00
-5.321118087686838027e-01,5.000000000000000000e+00,4.000000000000000000e+00
-7.095192948975100888e-01,1.000000000000000000e+00,2.000000000000000000e+00
-5.269716922419135363e-01,1.000000000000000000e+00,4.000000000000000000e+00
1.627537788469417962e-02,5.000000000000000000e+00,2.000000000000000000e+00
4.589267945329665310e-01,5.000000000000000000e+00,4.000000000000000000e+00
-1.395058131515056088e+00,5.000000000000000000e+00,4.000000000000000000e+00
-3.275984427740580296e-01,1.000000000000000000e+00,4.000000000000000000e+00
-8.255462463645418802e-01,5.000000000000000000e+00,4.000000000000000000e+00
9.104854460470714062e-02,5.000000000000000000e+00,2.000000000000000000e+00
-1.773601530508552182e+00,1.000000000000000000e+00,2.000000000000000000e+00
-9.628934639437034537e-01,1.000000000000000000e+00,2.000000000000000000e+00
-6.889686724342853896e-01,1.000000000000000000e+00,4.000000000000000000e+00
3.819831809312767001e-01,1.000000000000000000e+00,4.000000000000000000e+00
-1.000474736435982281e+00,5.000000000000000000e+00,4.000000000000000000e+00
-1.107039223578310860e+00,5.000000000000000000e+00,2.000000000000000000e+00
1.778558109911191343e+00,1.000000000000000000e+00,2.000000000000000000e+00
-1.320102145601394383e+00,5.000000000000000000e+00,4.000000000000000000e+00
2.973306589783693554e-01,5.000000000000000000e+00,4.000000000000000000e+00
-1.634646643823855161e+00,5.000000000000000000e+00,4.000000000000000000e+00
-1.410452602931776545e+00,1.000000000000000000e+00,4.000000000000000000e+00
7.575045760981830023e-01,5.000000000000000000e+00,4.000000000000000000e+00
-7.174502067696881813e-01,5.000000000000000000e+00,4.000000000000000000e+00
1.350855062594152889e-01,5.000000000000000000e+00,2.000000000000000000e+00
6.893987604624643994e-01,5.000000000000000000e+00,4.000000000000000000e+00
-3.077419322861673634e-01,1.000000000000000000e+00,2.000000000000000000e+00
-3.896744672546055832e-01,5.000000000000000000e+00,2.000000000000000000e+00
8.981739798244896544e-01,5.000000000000000000e+00,2.000000000000000000e+00
-4.702503117535456467e-01,1.000000000000000000e+00,2.000000000000000000e+00
-2.024409373161581538e+00,1.000000000000000000e+00,4.000000000000000000e+00
-1.050237222801921000e+00,1.000000000000000000e+00,4.000000000000000000e+00
5.995387357547127261e-01,5.000000000000000000e+00,4.000000000000000000e+00
5.643927852923794619e-01,5.000000000000000000e+00,2.000000000000000000e+00
8.325121667967911865e-01,1.000000000000000000e+00,2.000000000000000000e+00
2.418404260987218723e+00,1.000000000000000000e+00,4.000000000000000000e+00
-4.033341701782079958e-01,1.000000000000000000e+00,2.000000000000000000e+00
-4.023739619252222899e-01,1.000000000000000000e+00,2.000000000000000000e+00
5.870013153824663599e-01,1.000000000000000000e+00,4.000000000000000000e+00
-3.331549133509945082e-01,1.000000000000000000e+00,2.000000000000000000e+00
1.018141880556599377e+00,1.000000000000000000e+00,4.000000000000000000e+00
7.977617149381229789e-01,5.000000000000000000e+00,4.000000000000000000e+00
7.724418405344780636e-01,1.000000000000000000e+00,4.000000000000000000e+00
-7.694344566864574908e-01,1.000000000000000000e+00,4.000000000000000000e+00
1.202511358851316992e-01,1.000000000000000000e+00,4.000000000000000000e+00
-5.718937725346535661e-01,1.000000000000000000e+00,2.000000000000000000e+00
1.683556342600772693e+00,1.000000000000000000e+00,4.000000000000000000e+00
7.217320575028040031e-01,5.000000000000000000e+00,4.000000000000000000e+00
8.888591261712404101e-01,5.000000000000000000e+00,4.000000000000000000e+00
-1.526033281351498461e-01,1.000000000000000000e+00,2.000000000000000000e+00
-2.414644088339551242e+00,5.000000000000000000e+00,4.000000000000000000e+00
9.413120749462550174e-01,1.000000000000000000e+00,4.000000000000000000e+00
-1.839343666906303909e+00,1.000000000000000000e+00,2.000000000000000000e+00
-4.264328176469233678e-01,5.000000000000000000e+00,4.000000000000000000e+00
-4.545228400653272272e-01,1.000000000000000000e+00,2.000000000000000000e+00
-3.400397444915475575e-01,5.000000000000000000e+00,2.000000000000000000e+00
-6.716497637332943249e-01,5.000000000000000000e+00,4.000000000000000000e+00
8.723582332795641880e-01,1.000000000000000000e+00,4.000000000000000000e+00
2.970242007913959648e-01,1.000000000000000000e+00,2.000000000000000000e+00
-1.633151705202178006e+00,5.000000000000000000e+00,4.000000000000000000e+00
-2.345334853645574480e+00,1.000000000000000000e+00,4.000000000000000000e+00
1.958938856156053232e+00,1.000000000000000000e+00,4.000000000000000000e+00
-1.576267771317149680e-01,1.000000000000000000e+00,4.000000000000000000e+00
-3.987551569264943807e-01,1.000000000000000000e+00,4.000000000000000000e+00
6.538221526877634471e-01,1.000000000000000000e+00,2.000000000000000000e+00
2.526543993960653989e+00,1.000000000000000000e+00,2.000000000000000000e+00
1.983321946933103153e-02,1.000000000000000000e+00,4.000000000000000000e+00
-2.101480396415770446e+00,1.000000000000000000e+00,2.000000000000000000e+00
4.618520745871227962e-01,1.000000000000000000e+00,4.000000000000000000e+00
-1.809864735854432305e-01,1.000000000000000000e+00,2.000000000000000000e+00
2.107964827150122122e+00,1.000000000000000000e+00,2.000000000000000000e+00
-1.031569395815484569e+00,1.000000000000000000e+00,4.000000000000000000e+00
1.617869672011640780e+00,1.000000000000000000e+00,2.000000000000000000e+00
7.778681613849253162e-01,5.000000000000000000e+00,4.000000000000000000e+00
1.315427455410812518e+00,5.000000000000000000e+00,4.000000000000000000e+00
1.483388377250131507e+00,5.000000000000000000e+00,2.000000000000000000e+00
2.535362912331612373e-01,1.000000000000000000e+00,4.000000000000000000e+00
-5.462361332587759577e-01,1.000000000000000000e+00,4.000000000000000000e+00
7.407304662224594161e-01,5.000000000000000000e+00,2.000000000000000000e+00
-3.427074689602936930e-01,1.000000000000000000e+00,2.000000000000000000e+00
-1.625626603350555976e+00,5.000000000000000000e+00,2.000000000000000000e+00
6.327904594630339163e-01,5.000000000000000000e+00,4.000000000000000000e+00
-5.644449713047943185e-01,5.000000000000000000e+00,2.000000000000000000e+00
-4.097345334499737368e-01,1.000000000000000000e+00,4.000000000000000000e+00
2.089539167450183310e+00,5.000000000000000000e+00,4.000000000000000000e+00
-4.865034586001756312e-01,1.000000000000000000e+00,4.000000000000000000e+00
-1.443150513799366319e+00,1.000000000000000000e+00,2.000000000000000000e+00
8.748693255189169404e-01,5.000000000000000000e+00,4.000000000000000000e+00
1.125205006261312590e+00,5.000000000000000000e+00,4.000000000000000000e+00
-1.540543014999323335e+00,5.000000000000000000e+00,4.000000000000000000e+00
-1.165334017562895008e+00,1.000000000000000000e+00,4.000000000000000000e+00
1.038175460758753665e+00,5.000000000000000000e+00,4.000000000000000000e+00
1.636168461425121790e-01,1.000000000000000000e+00,2.000000000000000000e+00
-3.639190241094539813e-01,1.000000000000000000e+00,2.000000000000000000e+00
1.410886592586311494e-01,5.000000000000000000e+00,2.000000000000000000e+00
-5.813153578967115293e-02,1.000000000000000000e+00,2.000000000000000000e+00
-9.544903599418167461e-01,5.000000000000000000e+00,4.000000000000000000e+00
6.890591190362910234e-01,1.000000000000000000e+00,4.000000000000000000e+00
-2.939736640484195695e-01,1.000000000000000000e+00,2.000000000000000000e+00
-3.423563496275037754e-01,1.000000000000000000e+00,2.000000000000000000e+00
-4.636408454571462334e-01,1.000000000000000000e+00,4.000000000000000000e+00
-1.273915259441697145e+00,1.000000000000000000e+00,4.000000000000000000e+00
-5.042427383845560218e-01,1.000000000000000000e+00,2.000000000000000000e+00
5.744468180922783496e-02,1.000000000000000000e+00,2.000000000000000000e+00
-1.703970777199787179e+00,5.000000000000000000e+00,4.000000000000000000e+00
-2.487353291367546404e-01,1.000000000000000000e+00,2.000000000000000000e+00
1.368955120831346628e-01,5.000000000000000000e+00,2.000000000000000000e+00
-1.459620381031559555e+00,5.000000000000000000e+00,2.000000000000000000e+00
1.437274143616160460e+00,5.000000000000000000e+00,2.000000000000000000e+00
-1.030061625315372265e+00,5.000000000000000000e+00,2.000000000000000000e+00
3.950327355075552993e-01,1.000000000000000000e+00,4.000000000000000000e+00
-5.817002572163862961e-01,5.000000000000000000e+00,2.000000000000000000e+00
7.213319114575509339e-01,1.000000000000000000e+00,4.000000000000000000e+00
-1.389272619444844592e-01,5.000000000000000000e+00,2.000000000000000000e+00
-1.851725166551799306e+00,5.000000000000000000e+00,2.000000000000000000e+00
1.251387179361007185e+00,5.000000000000000000e+00,2.000000000000000000e+00
2.614540124496710916e-01,5.000000000000000000e+00,2.000000000000000000e+00
8.120661269158683249e-01,1.000000000000000000e+00,4.000000000000000000e+00
8.515698647442289104e-01,1.000000000000000000e+00,2.000000000000000000e+00
-2.925831838373745275e-01,5.000000000000000000e+00,2.000000000000000000e+00
4.489248774736447900e-01,5.000000000000000000e+00,2.000000000000000000e+00
4.310273847076417919e-01,1.000000000000000000e+00,2.000000000000000000e+00
-8.819301815974098790e-01,5.000000000000000000e+00,2.000000000000000000e+00
-2.327582785247292174e-01,5.000000000000000000e+00,4.000000000000000000e+00
-3.544179708169802878e-01,5.000000000000000000e+00,2.000000000000000000e+00
-8.191014200046133897e-01,5.000000000000000000e+00,4.000000000000000000e+00
-6.811194989289851565e-01,5.000000000000000000e+00,2.000000000000000000e+00
-5.077122635094617475e-01,1.000000000000000000e+00,2.000000000000000000e+00
1.175232374233420307e-01,5.000000000000000000e+00,2.000000000000000000e+00
-4.393759650873453604e-02,1.000000000000000000e+00,2.000000000000000000e+00
7.060760104199343967e-01,1.000000000000000000e+00,4.000000000000000000e+00
-4.210162869924318763e-01,1.000000000000000000e+00,4.000000000000000000e+00
8.747870316877709440e-01,5.000000000000000000e+00,2.000000000000000000e+00
-2.045984382700218873e+00,1.000000000000000000e+00,4.000000000000000000e+00
8.205633150160605016e-01,5.000000000000000000e+00,4.000000000000000000e+00
2.908243935859989304e-01,5.000000000000000000e+00,2.000000000000000000e+00
-5.636103029358292549e-01,1.000000000000000000e+00,4.000000000000000000e+00
2.951112022412143432e-01,1.000000000000000000e+00,2.000000000000000000e+00
1.402696213520134627e+00,5.000000000000000000e+00,4.000000000000000000e+00
2.059879528973514340e+00,5.000000000000000000e+00,2.000000000000000000e+00
-4.414756556723093417e-01,5.000000000000000000e+00,4.000000000000000000e+00
1.223526302846638769e+00,5.000000000000000000e+00,4.000000000000000000e+00
8.683556813205778324e-01,5.000000000000000000e+00,4.000000000000000000e+00
-1.153290612503219625e+00,1.000000000000000000e+00,2.000000000000000000e+00
-2.143894250796334333e-01,1.000000000000000000e+00,2.000000000000000000e+00
2.603986765109090884e-01,5.000000000000000000e+00,4.000000000000000000e+00
1.339136602857710745e+00,1.000000000000000000e+00,2.000000000000000000e+00
3.635033213848719580e-01,5.000000000000000000e+00,4.000000000000000000e+00
4.305262409772986909e-01,1.000000000000000000e+00,2.000000000000000000e+00
-9.015996095339976479e-01,1.000000000000000000e+00,4.000000000000000000e+00
2.450308757013267835e-01,1.000000000000000000e+00,4.000000000000000000e+00
1.498605798844395487e+00,1.000000000000000000e+00,2.000000000000000000e+00
1.298221238023136159e-01,5.000000000000000000e+00,4.000000000000000000e+00
1.920671564060553393e+00,1.000000000000000000e+00,2.000000000000000000e+00
-2.093017298485507549e+00,5.000000000000000000e+00,2.000000000000000000e+00
1.550387964685609798e+00,1.000000000000000000e+00,4.000000000000000000e+00
1.722114472445800626e+00,1.000000000000000000e+00,4.000000000000000000e+00
8.169838405592468877e-01,1.000000000000000000e+00,4.000000000000000000e+00
-7.941322120545631913e-01,1.000000000000000000e+00,4.000000000000000000e+00
-7.002793158796231099e-01,1.000000000000000000e+00,2.000000000000000000e+00
5.734832313307292040e-01,5.000000000000000000e+00,4.000000000000000000e+00
-6.997670692487077959e-01,1.000000000000000000e+00,2.000000000000000000e+00
7.299797716810964010e-01,1.000000000000000000e+00,2.000000000000000000e+00
-2.932773353662710414e-01,1.000000000000000000e+00,2.000000000000000000e+00
2.876981546900151399e-01,5.000000000000000000e+00,2.000000000000000000e+00
-1.210880877636957065e+00,1.000000000000000000e+00,2.000000000000000000e+00
9.857054476629044035e-03,1.000000000000000000e+00,4.000000000000000000e+00
1.522024286242142088e-01,1.000000000000000000e+00,4.000000000000000000e+00
5.534949849250593301e-01,5.000000000000000000e+00,4.000000000000000000e+00
-7.214929426728092787e-01,1.000000000000000000e+00,2.000000000000000000e+00
-3.311065634506676347e-01,5.000000000000000000e+00,4.000000000000000000e+00
-1.546864475878946821e-01,1.000000000000000000e+00,4.000000000000000000e+00
1.477568932084681430e+00,1.000000000000000000e+00,2.000000000000000000e+00
5.354127262131236353e-01,1.000000000000000000e+00,4.000000000000000000e+00
-1.162402309279602752e+00,5.000000000000000000e+00,4.000000000000000000e+00
-2.599212571688791940e+00,1.000000000000000000e+00,2.000000000000000000e+00
-4.434596431544052808e-01,5.000000000000000000e+00,2.000000000000000000e+00
-1.063482531214676285e+00,5.000000000000000000e+00,4.000000000000000000e+00
-2.635890528443146086e-01,5.000000000000000000e+00,2.000000000000000000e+00
1.634122736233070361e+00,5.000000000000000000e+00,4.000000000000000000e+00
1.644066761757432715e+00,1.000000000000000000e+00,2.000000000000000000e+00
-1.657684432967995725e-01,1.000000000000000000e+00,2.000000000000000000e+00
8.692850232970981139e-01,5.000000000000000000e+00,2.000000000000000000e+00
-9.836440343399663888e-01,5.000000000000000000e+00,4.000000000000000000e+00
2.046416661964355566e+00,1.000000000000000000e+00,2.000000000000000000e+00
4.414516760686871821e-01,1.000000000000000000e+00,2.000000000000000000e+00
-6.921196656007505554e-01,1.000000000000000000e+00,2.000000000000000000e+00
-1.244025127194579472e+00,1.000000000000000000e+00,2.000000000000000000e+00
1.918214228048309655e+00,5.000000000000000000e+00,2.000000000000000000e+00
-3.141453349886726976e-01,5.000000000000000000e+00,4.000000000000000000e+00
1.375932550420969180e+00,5.000000000000000000e+00,2.000000000000000000e+00
-4.995342755135032120e-02,5.000000000000000000e+00,2.000000000000000000e+00
-2.030584979606049612e-01,5.000000000000000000e+00,4.000000000000000000e+00
8.197268703665223644e-01,1.000000000000000000e+00,2.000000000000000000e+00
3.240400428703840152e-01,1.000000000000000000e+00,4.000000000000000000e+00
-2.739118884782435481e-01,5.000000000000000000e+00,4.000000000000000000e+00
8.729236986227970618e-01,5.000000000000000000e+00,4.000000000000000000e+00
-9.444330401380754414e-02,1.000000000000000000e+00,2.000000000000000000e+00
2.864247791515941999e-01,1.000000000000000000e+00,4.000000000000000000e+00
1.198068582707127350e+00,1.000000000000000000e+00,4.000000000000000000e+00
2.451993374253683688e-01,5.000000000000000000e+00,4.000000000000000000e+00
4.181002160212927143e-01,5.000000000000000000e+00,4.000000000000000000e+00
-3.414414612533315241e-01,1.000000000000000000e+00,4.000000000000000000e+00
-1.076026011494540940e-01,5.000000000000000000e+00,4.000000000000000000e+00
-4.328044183887710394e-01,5.000000000000000000e+00,2.000000000000000000e+00
1.658351986086196161e+00,1.000000000000000000e+00,2.000000000000000000e+00
1.331433216106174378e+00,5.000000000000000000e+00,4.000000000000000000e+00
-1.190110539301267867e-01,5.000000000000000000e+00,4.000000000000000000e+00
1.082281302666772360e+00,5.000000000000000000e+00,4.000000000000000000e+00
3.434516381707629629e-01,1.000000000000000000e+00,2.000000000000000000e+00
1.630758227729960652e-01,5.000000000000000000e+00,4.000000000000000000e+00
-1.226034770697978171e+00,1.000000000000000000e+00,4.000000000000000000e+00
1.104215324297299627e+00,1.000000000000000000e+00,4.000000000000000000e+00
-8.174424357311873557e-01,5.000000000000000000e+00,2.000000000000000000e+00
4.463529303500615719e-01,5.000000000000000000e+00,2.000000000000000000e+00
4.250992251477623829e-01,1.000000000000000000e+00,2.000000000000000000e+00
-8.080281932842868498e-02,5.000000000000000000e+00,2.000000000000000000e+00
8.684397266855672370e-01,5.000000000000000000e+00,4.000000000000000000e+00
1.851874643091778738e+00,1.000000000000000000e+00,2.000000000000000000e+00
-1.127061292358908062e+00,1.000000000000000000e+00,2.000000000000000000e+00
-3.020670121053310453e-01,5.000000000000000000e+00,4.000000000000000000e+00
4.064670255557383260e-01,1.000000000000000000e+00,2.000000000000000000e+00
8.482736949926651671e-02,1.000000000000000000e+00,4.000000000000000000e+00
-1.161439158316553977e-01,5.000000000000000000e+00,2.000000000000000000e+00
-9.346784009323694242e-01,1.000000000000000000e+00,4.000000000000000000e+00
-2.035138665102528277e-01,1.000000000000000000e+00,4.000000000000000000e+00
5.322750600774700525e-01,1.000000000000000000e+00,2.000000000000000000e+00
1.346370502007023517e-01,1.000000000000000000e+00,4.000000000000000000e+00
-1.009545210636086265e+00,5.000000000000000000e+00,2.000000000000000000e+00
1.501896425269186208e+00,1.000000000000000000e+00,4.000000000000000000e+00
-1.422198063949701163e+00,1.000000000000000000e+00,2.000000000000000000e+00
1.654385093956673547e+00,5.000000000000000000e+00,4.000000000000000000e+00
1.173482330527261031e+00,5.000000000000000000e+00,4.000000000000000000e+00
-1.068198100947065132e+00,5.000000000000000000e+00,2.000000000000000000e+00
-7.584863443053915244e-01,5.000000000000000000e+00,2.000000000000000000e+00
-1.145036105310879293e+00,1.000000000000000000e+00,4.000000000000000000e+00
1.327959145939151819e-01,1.000000000000000000e+00,4.000000000000000000e+00
-7.421581040652772687e-01,1.000000000000000000e+00,2.000000000000000000e+00
9.503913236207077730e-01,1.000000000000000000e+00,4.000000000000000000e+00
-2.509310017614100108e+00,5.000000000000000000e+00,2.000000000000000000e+00
2.277087201645738579e-01,5.000000000000000000e+00,2.000000000000000000e+00
-1.350319562708720111e+00,1.000000000000000000e+00,4.000000000000000000e+00
1.305255511443928762e-01,1.000000000000000000e+00,4.000000000000000000e+00
-2.915925326322577060e-01,1.000000000000000000e+00,4.000000000000000000e+00
-6.090139528091014220e-01,5.000000000000000000e+00,2.000000000000000000e+00
-7.076358669744391428e-01,1.000000000000000000e+00,4.000000000000000000e+00
8.924935944137561694e-02,5.000000000000000000e+00,2.000000000000000000e+00
1.425153549662258601e-01,1.000000000000000000e+00,4.000000000000000000e+00
-1.814832570630339426e+00,5.000000000000000000e+00,2.000000000000000000e+00
-3.058761249844002550e-01,1.000000000000000000e+00,4.000000000000000000e+00
-2.593031567769680246e-01,5.000000000000000000e+00,2.000000000000000000e+00
-6.942832452824952705e-02,5.000000000000000000e+00,2.000000000000000000e+00
-7.235304692881001642e-01,5.000000000000000000e+00,2.000000000000000000e+00
2.706578611189474626e-01,1.000000000000000000e+00,4.000000000000000000e+00
3.741619363981875390e-02,1.000000000000000000e+00,2.000000000000000000e+00
-1.074167468656982649e+00,5.000000000000000000e+00,4.000000000000000000e+00
-1.899989335535949009e-01,1.000000000000000000e+00,4.000000000000000000e+00
7.965259388120270456e-01,5.000000000000000000e+00,4.000000000000000000e+00
2.318890073227054760e+00,1.000000000000000000e+00,2.000000000000000000e+00
-6.284019726845686549e-01,1.000000000000000000e+00,2.000000000000000000e+00
8.531330952863257489e-01,1.000000000000000000e+00,2.000000000000000000e+00
4.463667384840596664e-01,1.000000000000000000e+00,2.000000000000000000e+00
2.262520272197752758e-01,5.000000000000000000e+00,2.000000000000000000e+00
5.259541783694117179e-01,1.000000000000000000e+00,4.000000000000000000e+00
-6.662561083914214644e-01,1.000000000000000000e+00,4.000000000000000000e+00
6.463422069141195880e-01,5.000000000000000000e+00,2.000000000000000000e+00
8.272708581707058917e-01,1.000000000000000000e+00,2.000000000000000000e+00
6.651338995742873683e-01,1.000000000000000000e+00,2.000000000000000000e+00
-7.230353595306003855e-01,5.000000000000000000e+00,2.000000000000000000e+00
-3.412280646222795255e+00,5.000000000000000000e+00,2.000000000000000000e+00
-2.039049854692503161e-01,5.000000000000000000e+00,4.000000000000000000e+00
-4.780874825898056568e-01,1.000000000000000000e+00,4.000000000000000000e+00
1.374617990148520263e+00,5.000000000000000000e+00,4.000000000000000000e+00
1.832855450718371415e-01,5.000000000000000000e+00,2.000000000000000000e+00
-2.451568546718856934e-01,5.000000000000000000e+00,2.000000000000000000e+00
-1.361960106651300073e+00,5.000000000000000000e+00,4.000000000000000000e+00
2.797115604432248936e+00,5.000000000000000000e+00,4.000000000000000000e+00
-2.277664450976736088e+00,5.000000000000000000e+00,4.000000000000000000e+00
-9.098680679523030168e-02,5.000000000000000000e+00,4.000000000000000000e+00
-5.365901895587477100e-01,5.000000000000000000e+00,4.000000000000000000e+00
1.271643455636128683e+00,5.000000000000000000e+00,2.000000000000000000e+00
1.214666475263282086e+00,5.000000000000000000e+00,2.000000000000000000e+00
-1.141355040101578622e+00,1.000000000000000000e+00,4.000000000000000000e+00
-1.820255587741231029e-01,1.000000000000000000e+00,4.000000000000000000e+00
2.732849540121270460e-01,5.000000000000000000e+00,4.000000000000000000e+00
1.463268571261097772e+00,5.000000000000000000e+00,4.000000000000000000e+00
-5.665242175193881992e-03,1.000000000000000000e+00,4.000000000000000000e+00
1.302798349312271675e+00,5.000000000000000000e+00,4.000000000000000000e+00
-8.688625002193881564e-01,5.000000000000000000e+00,4.000000000000000000e+00
2.374868323280427684e-01,5.000000000000000000e+00,2.000000000000000000e+00
-1.274550866086548107e+00,1.000000000000000000e+00,4.000000000000000000e+00
5.435088659355520602e-02,5.000000000000000000e+00,2.000000000000000000e+00
-1.408781144506304761e+00,5.000000000000000000e+00,2.000000000000000000e+00
1.823187042721335471e+00,1.000000000000000000e+00,4.000000000000000000e+00
-1.023847210829507803e+00,5.000000000000000000e+00,4.000000000000000000e+00
-2.027030546190784932e+00,5.000000000000000000e+00,4.000000000000000000e+00
1.718644819477032293e+00,1.000000000000000000e+00,4.000000000000000000e+00
2.038771198547864594e-01,1.000000000000000000e+00,2.000000000000000000e+00
-2.176108116461472342e-01,1.000000000000000000e+00,4.000000000000000000e+00
9.709008784445456453e-01,1.000000000000000000e+00,4.000000000000000000e+00
1.043069368236283712e+00,1.000000000000000000e+00,2.000000000000000000e+00
-6.286215522170630621e-01,5.000000000000000000e+00,2.000000000000000000e+00
4.319654324858007710e-02,1.000000000000000000e+00,4.000000000000000000e+00
-6.500621691828252224e-01,1.000000000000000000e+00,2.000000000000000000e+00
-3.773337053131136987e+00,1.000000000000000000e+00,2.000000000000000000e+00
4.867839000344945100e-01,1.000000000000000000e+00,2.000000000000000000e+00
8.107995708503134002e-01,5.000000000000000000e+00,2.000000000000000000e+00
1.313080797555340240e+00,5.000000000000000000e+00,2.000000000000000000e+00
3.839465089410745106e-03,1.000000000000000000e+00,4.000000000000000000e+00
3.025883177942868540e-01,5.000000000000000000e+00,2.000000000000000000e+00
-2.661028159972606000e-02,5.000000000000000000e+00,4.000000000000000000e+00
-5.615589173688112501e-01,5.000000000000000000e+00,4.000000000000000000e+00
5.919415234887708266e-01,5.000000000000000000e+00,2.000000000000000000e+00
1.410653115397498235e-02,5.000000000000000000e+00,2.000000000000000000e+00
7.761961367193347394e-01,1.000000000000000000e+00,2.000000000000000000e+00
-3.382232368788520849e-01,5.000000000000000000e+00,4.000000000000000000e+00
7.533399475844505533e-01,5.000000000000000000e+00,4.000000000000000000e+00
1.497308847556177325e+00,5.000000000000000000e+00,4.000000000000000000e+00
-7.009158964827353344e-01,1.000000000000000000e+00,2.000000000000000000e+00
-1.033142167536431621e+00,1.000000000000000000e+00,2.000000000000000000e+00
2.970955067303847064e-01,1.000000000000000000e+00,4.000000000000000000e+00
-2.239134372513563731e-01,1.000000000000000000e+00,2.000000000000000000e+00
7.127410472781536832e-01,1.000000000000000000e+00,4.000000000000000000e+00
8.950921860572164448e-03,5.000000000000000000e+00,4.000000000000000000e+00
1.111273397321344891e+00,5.000000000000000000e+00,4.000000000000000000e+00
8.499568798782387857e-02,1.000000000000000000e+00,4.000000000000000000e+00
1.167976172581496330e+00,5.000000000000000000e+00,4.000000000000000000e+00
1.064223436657853350e+00,1.000000000000000000e+00,2.000000000000000000e+00
-1.628313399683738449e+00,5.000000000000000000e+00,2.000000000000000000e+00
9.197605840719382808e-01,1.000000000000000000e+00,4.000000000000000000e+00
3.216940895227772268e-01,1.000000000000000000e+00,2.000000000000000000e+00
-2.734771066723876709e-01,5.000000000000000000e+00,2.000000000000000000e+00
-1.835234627742131919e-01,1.000000000000000000e+00,4.000000000000000000e+00
1.518507697932139688e+00,5.000000000000000000e+00,4.000000000000000000e+00
1.325861192885223083e+00,1.000000000000000000e+00,2.000000000000000000e+00
5.203197675433764990e-01,5.000000000000000000e+00,2.000000000000000000e+00
1.557959478553437582e-01,5.000000000000000000e+00,2.000000000000000000e+00
-1.269736427168828508e+00,1.000000000000000000e+00,2.000000000000000000e+00
1.420346703360933382e+00,1.000000000000000000e+00,2.000000000000000000e+00
5.967434548906378478e-01,5.000000000000000000e+00,4.000000000000000000e+00
-3.865192092836796656e-01,5.000000000000000000e+00,2.000000000000000000e+00
2.297697538078492530e-01,1.000000000000000000e+00,4.000000000000000000e+00
2.824671833425645984e-01,1.000000000000000000e+00,4.000000000000000000e+00
2.034599309351170782e-01,5.000000000000000000e+00,4.000000000000000000e+00
-7.785130374045383661e-01,1.000000000000000000e+00,4.000000000000000000e+00
-3.255968843113460909e-01,1.000000000000000000e+00,2.000000000000000000e+00
-4.484032403816851087e-02,1.000000000000000000e+00,4.000000000000000000e+00
1.826075471416259255e+00,5.000000000000000000e+00,4.000000000000000000e+00
1.368843385435223325e-01,5.000000000000000000e+00,2.000000000000000000e+00
-1.323179446695281980e+00,1.000000000000000000e+00,4.000000000000000000e+00
1.133973100618357766e+00,1.000000000000000000e+00,2.000000000000000000e+00
1.073887167463386388e-01,1.000000000000000000e+00,2.000000000000000000e+00
7.799708643709285516e-01,1.000000000000000000e+00,4.000000000000000000e+00
-1.724573704141907082e-01,1.000000000000000000e+00,4.000000000000000000e+00
8.321863588169370329e-01,5.000000000000000000e+00,2.000000000000000000e+00
3.610506349867371057e-03,1.000000000000000000e+00,2.000000000000000000e+00
-4.359109099747953131e-01,5.000000000000000000e+00,4.000000000000000000e+00
-1.369040266538491535e+00,1.000000000000000000e+00,4.000000000000000000e+00
-1.771466742640049663e+00,1.000000000000000000e+00,4.000000000000000000e+00
9.920527117083229873e-01,5.000000000000000000e+00,4.000000000000000000e+00
-9.342195435359926803e-01,1.000000000000000000e+00,4.000000000000000000e+00
-5.256536234609433533e-01,1.000000000000000000e+00,2.000000000000000000e+00
-9.892491664724791800e-01,1.000000000000000000e+00,4.000000000000000000e+00
1.220373048652132253e+00,1.000000000000000000e+00,2.000000000000000000e+00
-7.920148311354742454e-02,1.000000000000000000e+00,2.000000000000000000e+00
-4.326778798545232174e-01,5.000000000000000000e+00,2.000000000000000000e+00
-2.799297881020418322e-01,5.000000000000000000e+00,2.000000000000000000e+00
7.450692743974559606e-01,5.000000000000000000e+00,4.000000000000000000e+00
6.574939361592204712e-01,1.000000000000000000e+00,2.000000000000000000e+00
6.225751154901568718e-01,1.000000000000000000e+00,2.000000000000000000e+00
1.308668193411473668e+00,1.000000000000000000e+00,2.000000000000000000e+00
5.832037762934662029e-01,5.000000000000000000e+00,4.000000000000000000e+00
-1.242397184106355024e+00,5.000000000000000000e+00,2.000000000000000000e+00
8.126911268183822923e-01,5.000000000000000000e+00,4.000000000000000000e+00
8.174070221524807334e-01,1.000000000000000000e+00,4.000000000000000000e+00
3.700708695514844382e-01,5.000000000000000000e+00,2.000000000000000000e+00
-1.903778255566575650e+00,5.000000000000000000e+00,2.000000000000000000e+00
1.279198751074112739e+00,1.000000000000000000e+00,4.000000000000000000e+00
3.622389267834861259e-01,5.000000000000000000e+00,2.000000000000000000e+00
-1.184167604687592412e+00,1.000000000000000000e+00,2.000000000000000000e+00
-8.128560228926087206e-01,5.000000000000000000e+00,4.000000000000000000e+00
-2.200720055006032405e-01,1.000000000000000000e+00,4.000000000000000000e+00
1.746404549355565550e+00,1.000000000000000000e+00,2.000000000000000000e+00
3.089670154174924410e-01,5.000000000000000000e+00,2.000000000000000000e+00
2.573412435175118418e+00,5.000000000000000000e+00,2.000000000000000000e+00
1.320271963555701700e-01,1.000000000000000000e+00,4.000000000000000000e+00
-3.580330321811016070e-01,1.000000000000000000e+00,4.000000000000000000e+00
4.580723864431571202e-01,5.000000000000000000e+00,4.000000000000000000e+00
7.441140696457044790e-01,5.000000000000000000e+00,2.000000000000000000e+00
1.651886594849382606e+00,1.000000000000000000e+00,2.000000000000000000e+00
4.707422478235127605e-01,5.000000000000000000e+00,4.000000000000000000e+00
-1.714252293616563172e+00,1.000000000000000000e+00,4.000000000000000000e+00
-1.354596456049329101e+00,1.000000000000000000e+00,2.000000000000000000e+00
5.159446182863466346e-01,1.000000000000000000e+00,2.000000000000000000e+00
-5.193411074451306231e-01,1.000000000000000000e+00,2.000000000000000000e+00
1.266722988862786226e+00,1.000000000000000000e+00,2.000000000000000000e+00
2.035551635404331261e+00,5.000000000000000000e+00,2.000000000000000000e+00
1.367206280408358315e-02,5.000000000000000000e+00,2.000000000000000000e+00
6.789798569885612256e-01,5.000000000000000000e+00,2.000000000000000000e+00
-8.946977520253046601e-01,1.000000000000000000e+00,2.000000000000000000e+00
-1.268596164401168513e+00,1.000000000000000000e+00,2.000000000000000000e+00
5.184180948989578486e-01,1.000000000000000000e+00,4.000000000000000000e+00
2.130057714270000013e-01,5.000000000000000000e+00,2.000000000000000000e+00
8.770692173410805648e-01,1.000000000000000000e+00,2.000000000000000000e+00
5.456451971351294894e-01,1.000000000000000000e+00,2.000000000000000000e+00
2.188963316798675951e+00,1.000000000000000000e+00,4.000000000000000000e+00
6.489516929837857440e-01,1.000000000000000000e+00,2.000000000000000000e+00
-1.375187817227807363e+00,5.000000000000000000e+00,2.000000000000000000e+00
-4.253274792977037588e-01,1.000000000000000000e+00,4.000000000000000000e+00
5.184070227496260230e-01,5.000000000000000000e+00,2.000000000000000000e+00
3.583131403519181912e-01,5.000000000000000000e+00,2.000000000000000000e+00
-1.009033577908404089e+00,5.000000000000000000e+00,2.000000000000000000e+00
-7.662470174413443802e-02,5.000000000000000000e+00,4.000000000000000000e+00
-9.803930423761799684e-01,1.000000000000000000e+00,2.000000000000000000e+00
-2.941456734067603995e-01,5.000000000000000000e+00,4.000000000000000000e+00
4.085988817663329109e-01,1.000000000000000000e+00,4.000000000000000000e+00
-2.294737043625812767e+00,5.000000000000000000e+00,4.000000000000000000e+00
1.430789116526411942e+00,1.000000000000000000e+00,2.000000000000000000e+00
1.169331816650817979e+00,1.000000000000000000e+00,4.000000000000000000e+00
1.971205616456862264e-01,5.000000000000000000e+00,2.000000000000000000e+00
1.511320491052773773e+00,5.000000000000000000e+00,2.000000000000000000e+00
1.217461235654331286e-01,5.000000000000000000e+00,4.000000000000000000e+00
9.642422450386213262e-01,5.000000000000000000e+00,2.000000000000000000e+00
3.002552043771654078e-01,1.000000000000000000e+00,4.000000000000000000e+00
6.218638771463966819e-01,1.000000000000000000e+00,4.000000000000000000e+00
-9.224745561071742150e-01,1.000000000000000000e+00,2.000000000000000000e+00
-1.071451888602029223e+00,5.000000000000000000e+00,2.000000000000000000e+00
4.876297999808010264e-01,1.000000000000000000e+00,4.000000000000000000e+00
8.347283759744191789e-01,5.000000000000000000e+00,4.000000000000000000e+00
-1.213672372549328138e+00,5.000000000000000000e+00,2.000000000000000000e+00
4.681768853091565763e-01,1.000000000000000000e+00,4.000000000000000000e+00
3.041538934490489732e-01,5.000000000000000000e+00,4.000000000000000000e+00
-6.836768168899479692e-01,1.000000000000000000e+00,2.000000000000000000e+00
2.950286328065863106e+00,5.000000000000000000e+00,4.000000000000000000e+00
3.089096132855537746e-01,5.000000000000000000e+00,4.000000000000000000e+00
-5.324753884434054729e-01,1.000000000000000000e+00,2.000000000000000000e+00
5.527745332074083251e-01,5.000000000000000000e+00,4.000000000000000000e+00
-9.345301864582344908e-01,5.000000000000000000e+00,4.000000000000000000e+00
-2.843606822945176082e-01,5.000000000000000000e+00,2.000000000000000000e+00
9.442702362347454859e-01,1.000000000000000000e+00,2.000000000000000000e+00
-4.560628312817304186e-01,1.000000000000000000e+00,2.000000000000000000e+00
1.857391986362821046e-01,1.000000000000000000e+00,2.000000000000000000e+00
8.990003420553676072e-01,1.000000000000000000e+00,4.000000000000000000e+00
-7.723647753378519720e-01,5.000000000000000000e+00,4.000000000000000000e+00
-2.483733565907999263e-01,5.000000000000000000e+00,2.000000000000000000e+00
-1.092550604025479544e+00,5.000000000000000000e+00,4.000000000000000000e+00
-2.070692374223648546e-01,5.000000000000000000e+00,4.000000000000000000e+00
-1.062844322232863181e+00,5.000000000000000000e+00,2.000000000000000000e+00
-1.045926188169716387e+00,5.000000000000000000e+00,4.000000000000000000e+00
4.169811250878304731e-01,1.000000000000000000e+00,4.000000000000000000e+00
2.399783492161311760e-01,1.000000000000000000e+00,2.000000000000000000e+00
5.837766662374361815e-01,5.000000000000000000e+00,2.000000000000000000e+00
-1.544657865291836074e-01,1.000000000000000000e+00,2.000000000000000000e+00
-5.540997515520272865e-01,5.000000000000000000e+00,4.000000000000000000e+00
-9.911669635346214147e-01,1.000000000000000000e+00,4.000000000000000000e+00
3.028098683190367374e-02,5.000000000000000000e+00,2.000000000000000000e+00
1.118021087443316519e+00,1.000000000000000000e+00,4.000000000000000000e+00
9.074378817009971510e-01,1.000000000000000000e+00,4.000000000000000000e+00
3.609644950078438885e-01,5.000000000000000000e+00,4.000000000000000000e+00
7.266608931959680495e-01,1.000000000000000000e+00,4.000000000000000000e+00
-5.856384650332432384e-01,1.000000000000000000e+00,2.000000000000000000e+00
3.240352374783437850e-01,5.000000000000000000e+00,4.000000000000000000e+00
1.588867672483349480e-01,1.000000000000000000e+00,4.000000000000000000e+00
6.427097302128067513e-01,5.000000000000000000e+00,4.000000000000000000e+00
-2.870938607852742575e+00,5.000000000000000000e+00,2.000000000000000000e+00
-3.745129923552318330e-01,1.000000000000000000e+00,4.000000000000000000e+00
-1.365758906879753987e+00,5.000000000000000000e+00,2.000000000000000000e+00
-2.081331841580171538e-01,5.000000000000000000e+00,2.000000000000000000e+00
-3.030426318590564438e-01,1.000000000000000000e+00,4.000000000000000000e+00
1.062670668205788482e+00,5.000000000000000000e+00,4.000000000000000000e+00
-5.697532957670783937e-02,5.000000000000000000e+00,4.000000000000000000e+00
1.726238052145389335e-01,1.000000000000000000e+00,2.000000000000000000e+00
1.145622770049492395e-01,5.000000000000000000e+00,4.000000000000000000e+00
6.778623231551640649e-02,5.000000000000000000e+00,2.000000000000000000e+00
-1.972737809655695784e-01,5.000000000000000000e+00,4.000000000000000000e+00
1.231312443290224712e+00,1.000000000000000000e+00,4.000000000000000000e+00
-5.730368082668287899e-01,5.000000000000000000e+00,4.000000000000000000e+00
2.314829681313652632e+00,1.000000000000000000e+00,4.000000000000000000e+00
1.649453176820639688e-01,1.000000000000000000e+00,2.000000000000000000e+00
-1.990246989688061741e-01,1.000000000000000000e+00,2.000000000000000000e+00
6.737352219811095777e-01,5.000000000000000000e+00,2.000000000000000000e+00
-3.093013734373459833e-01,1.000000000000000000e+00,4.000000000000000000e+00
1.140538327735119151e-01,1.000000000000000000e+00,2.000000000000000000e+00
-9.135469960253622679e-02,5.000000000000000000e+00,4.000000000000000000e+00
-5.047528140624646387e-01,1.000000000000000000e+00,4.000000000000000000e+00
-1.998625490560981821e-02,1.000000000000000000e+00,4.000000000000000000e+00
