-6.766401451579525661e-01,1.000000000000000000e+00,4.000000000000000000e+00
2.125572367280266495e-01,5.000000000000000000e+00,2.000000000000000000e+00
6.418027494099784458e-02,5.000000000000000000e+00,2.000000000000000000e+00
5.707992717900436386e-01,1.000000000000000000e+00,2.000000000000000000e+00
-9.916396735559012132e-01,1.000000000000000000e+00,2.000000000000000000e+00
-1.189206696706949007e+00,5.000000000000000000e+00,2.000000000000000000e+00
-1.513294350540480560e+00,5.000000000000000000e+00,2.000000000000000000e+00
2.820383430618564446e+00,1.000000000000000000e+00,4.000000000000000000e+00
-1.242731224512526378e+00,5.000000000000000000e+00,4.000000000000000000e+00
1.772637661688395205e+00,1.000000000000000000e+00,2.000000000000000000e+00
-1.375447581853563639e+00,1.000000000000000000e+00,4.000000000000000000e+00
1.690736341692864020e+00,5.000000000000000000e+00,4.000000000000000000e+00
1.154944219087406410e+00,1.000000000000000000e+00,4.000000000000000000e+00
-1.615057383513922362e+00,1.000000000000000000e+00,4.000000000000000000e+00
2.569415086465597353e-01,1.000000000000000000e+00,4.000000000000000000e+00
3.230259050111368158e-01,1.000000000000000000e+00,2.000000000000000000e+00
-1.797044942798463385e+00,1.000000000000000000e+00,4.000000000000000000e+00
-2.617626210748656979e-01,5.000000000000000000e+00,4.000000000000000000e+00
-1.256934948418991782e-01,5.000000000000000000e+00,4.000000000000000000e+00
3.802717662087105044e-01,1.000000000000000000e+00,4.000000000000000000e+00
-9.101701025511493848e-02,1.000000000000000000e+00,2.000000000000000000e+00
8.332481138999114911e-01,1.000000000000000000e+00,2.000000000000000000e+00
-3.548316156774987684e-01,5.000000000000000000e+00,4.000000000000000000e+00
-3.599718790276149050e-01,5.000000000000000000e+00,4.000000000000000000e+00
-2.472275033877510131e-01,1.000000000000000000e+00,2.000000000000000000e+00
-1.050382290395528662e+00,5.000000000000000000e+00,2.000000000000000000e+00
-1.274629769979693794e+00,5.000000000000000000e+00,2.000000000000000000e+00
-5.537602608335797649e-01,1.000000000000000000e+00,2.000000000000000000e+00
1.197605547676854121e+00,5.000000000000000000e+00,2.000000000000000000e+00
-7.091588953740639578e-01,5.000000000000000000e+00,2.000000000000000000e+00
3.804340607284120712e-01,5.000000000000000000e+00,2.000000000000000000e+00
-8.683157992930229385e-01,1.000000000000000000e+00,4.000000000000000000e+00
-1.455011691690249187e-01,5.000000000000000000e+00,4.000000000000000000e+00
-4.109551500921095890e-01,5.000000000000000000e+00,4.000000000000000000e+00
3.415047098455751828e-01,1.000000000000000000e+00,4.000000000000000000e+00
2.334247386951995296e+00,5.000000000000000000e+00,4.000000000000000000e+00
5.045469815768500732e-01,5.000000000000000000e+00,4.000000000000000000e+00
4.047416257696696135e-02,5.000000000000000000e+00,2.000000000000000000e+00
-8.839976824403098510e-01,5.000000000000000000e+00,2.000000000000000000e+00
8.020529931983572114e-01,1.000000000000000000e+00,2.000000000000000000e+00
-6.793094382220058458e-01,5.000000000000000000e+00,4.000000000000000000e+00
-1.654208692331716524e+00,5.000000000000000000e+00,2.000000000000000000e+00
-7.146109751313572955e-01,5.000000000000000000e+00,2.000000000000000000e+00
1.227687961419408724e+00,1.000000000000000000e+00,4.000000000000000000e+00
7.191460354846060943e-01,1.000000000000000000e+00,2.000000000000000000e+00
9.223175906948870573e-01,1.000000000000000000e+00,4.000000000000000000e+00
2.934027493922177973e-02,1.000000000000000000e+00,2.000000000000000000e+00
5.424096095378689864e-01,1.000000000000000000e+00,2.000000000000000000e+00
-2.740959606017968619e-01,1.000000000000000000e+00,4.000000000000000000e+00
-1.845009534673426321e-01,1.000000000000000000e+00,2.000000000000000000e+00
1.830170668640286546e+00,1.000000000000000000e+00,4.000000000000000000e+00
-1.210382972308999161e+00,1.000000000000000000e+00,2.000000000000000000e+00
-8.949849078402339897e-01,5.000000000000000000e+00,2.000000000000000000e+00
3.821395916822207250e-01,5.000000000000000000e+00,2.000000000000000000e+00
6.526549690205259990e-01,1.000000000000000000e+00,2.000000000000000000e+00
-2.298038962456958600e+00,5.000000000000000000e+00,2.000000000000000000e+00
2.059305625465192691e+00,5.000000000000000000e+00,2.000000000000000000e+00
7.514221699338976546e-01,1.000000000000000000e+00,4.000000000000000000e+00
-9.318681262772685603e-01,5.000000000000000000e+00,2.000000000000000000e+00
-7.227285233519946672e-01,5.000000000000000000e+00,4.000000000000000000e+00
1.456487570375187002e-01,5.000000000000000000e+00,2.000000000000000000e+00
-1.048513700168899998e+00,5.000000000000000000e+00,4.000000000000000000e+00
-2.103732253480303238e-01,5.000000000000000000e+00,4.000000000000000000e+00
-1.470581637922480311e+00,5.000000000000000000e+00,4.000000000000000000e+00
9.971899888905196851e-01,5.000000000000000000e+00,4.000000000000000000e+00
-7.297702727771608888e-01,5.000000000000000000e+00,4.000000000000000000e+00
-1.621449287410864915e-01,5.000000000000000000e+00,2.000000000000000000e+00
-5.199284925613746333e-01,5.000000000000000000e+00,4.000000000000000000e+00
4.711987347632516365e-01,1.000000000000000000e+00,4.000000000000000000e+00
-3.665330857141134435e-02,1.000000000000000000e+00,2.000000000000000000e+00
-9.178859988565650774e-01,1.000000000000000000e+00,4.000000000000000000e+00
3.216855821319031250e-01,5.000000000000000000e+00,4.000000000000000000e+00
1.429895094582263271e+00,5.000000000000000000e+00,4.000000000000000000e+00
-1.250061210891397101e+00,5.000000000000000000e+00,2.000000000000000000e+00
1.873428256898633237e-01,1.000000000000000000e+00,2.000000000000000000e+00
1.565758842741264700e-02,5.000000000000000000e+00,4.000000000000000000e+00
7.948540461618669450e-02,1.000000000000000000e+00,4.000000000000000000e+00
-8.637683585519008167e-01,5.000000000000000000e+00,2.000000000000000000e+00
1.748143652729599040e+00,1.000000000000000000e+00,2.000000000000000000e+00
3.253236487773753516e-01,1.000000000000000000e+00,2.000000000000000000e+00
-1.917140084567872937e-01,5.000000000000000000e+00,2.000000000000000000e+00
-9.780597890713960130e-01,1.000000000000000000e+00,2.000000000000000000e+00
4.223391011698924280e-01,5.000000000000000000e+00,2.000000000000000000e+00
-7.667282502568238955e-01,5.000000000000000000e+00,2.000000000000000000e+00
-8.893750130777205998e-01,1.000000000000000000e+00,4.000000000000000000e+00
-9.672662757645744680e-02,1.000000000000000000e+00,2.000000000000000000e+00
-1.202059319852070152e+00,5.000000000000000000e+00,4.000000000000000000e+00
-5.068953524100437008e-02,5.000000000000000000e+00,4.000000000000000000e+00
1.626432087331909804e+00,1.000000000000000000e+00,2.000000000000000000e+00
1.139475790198160476e+00,1.000000000000000000e+00,2.000000000000000000e+00
3.716579288768570490e-03,1.000000000000000000e+00,2.000000000000000000e+00
8.513059674701605184e-01,5.000000000000000000e+00,4.000000000000000000e+00
-2.345835096016736510e-01,1.000000000000000000e+00,4.000000000000000000e+00
-5.131518544188258257e-01,5.000000000000000000e+00,4.000000000000000000e+00
7.395746499544203489e-01,5.000000000000000000e+00,4.000000000000000000e+00
7.357516525481573311e-01,1.000000000000000000e+00,2.000000000000000000e+00
1.024072497234715245e-01,5.000000000000000000e+00,4.000000000000000000e+00
-4.198870276730802265e-01,5.000000000000000000e+00,2.000000000000000000e+00
-8.590113747935095023e-02,5.000000000000000000e+00,2.000000000000000000e+00
-7.596708448044203754e-01,5.000000000000000000e+00,4.000000000000000000e+00
4.452973020590514364e-01,1.000000000000000000e+00,2.000000000000000000e+00
1.896229955820402546e+00,1.000000000000000000e+00,2.000000000000000000e+00
7.049999858338636960e-01,1.000000000000000000e+00,4.000000000000000000e+00
1.034055803198860479e+00,5.000000000000000000e+00,2.000000000000000000e+00
2.935546719624883560e-01,1.000000000000000000e+00,2.000000000000000000e+00
1.565631775568444572e+00,5.000000000000000000e+00,4.000000000000000000e+00
8.323517443855860121e-01,1.000000000000000000e+00,2.000000000000000000e+00
1.697654164428157753e+00,1.000000000000000000e+00,4.000000000000000000e+00
-5.386897565295627466e-01,1.000000000000000000e+00,4.000000000000000000e+00
3.345022295122036748e+00,5.000000000000000000e+00,4.000000000000000000e+00
-2.282267369676380941e-01,5.000000000000000000e+00,4.000000000000000000e+00
1.610570880828456231e+00,5.000000000000000000e+00,4.000000000000000000e+00
-5.013422417642826590e-01,1.000000000000000000e+00,2.000000000000000000e+00
4.369699189407511009e-01,1.000000000000000000e+00,4.000000000000000000e+00
1.092930317677821839e-02,5.000000000000000000e+00,4.000000000000000000e+00
-1.428155562235183140e+00,5.000000000000000000e+00,4.000000000000000000e+00
-4.759343951578481891e-01,1.000000000000000000e+00,2.000000000000000000e+00
-3.298605579790360731e-01,1.000000000000000000e+00,4.000000000000000000e+00
8.406788766339794439e-01,1.000000000000000000e+00,4.000000000000000000e+00
8.137029607258766672e-01,1.000000000000000000e+00,2.000000000000000000e+00
-1.708643225093727236e-01,1.000000000000000000e+00,4.000000000000000000e+00
-1.894035122188562625e-01,1.000000000000000000e+00,2.000000000000000000e+00
-6.243071253163039458e-01,1.000000000000000000e+00,4.000000000000000000e+00
-6.118718064741568430e-01,1.000000000000000000e+00,2.000000000000000000e+00
-4.496292488597561920e-01,5.000000000000000000e+00,4.000000000000000000e+00
1.113275296830188221e+00,1.000000000000000000e+00,2.000000000000000000e+00
-3.156706960197560030e-01,1.000000000000000000e+00,4.000000000000000000e+00
-8.783685956111108029e-01,1.000000000000000000e+00,4.000000000000000000e+00
-6.491421426264452066e-01,1.000000000000000000e+00,2.000000000000000000e+00
1.317511067039051742e+00,5.000000000000000000e+00,4.000000000000000000e+00
5.060069344369068078e-01,5.000000000000000000e+00,2.000000000000000000e+00
1.603008014626443600e+00,5.000000000000000000e+00,2.000000000000000000e+00
-1.082171090858822682e+00,5.000000000000000000e+00,2.000000000000000000e+00
-8.580968520621773399e-01,5.000000000000000000e+00,4.000000000000000000e+00
2.451054186866393758e-01,1.000000000000000000e+00,4.000000000000000000e+00
1.867711156896690650e+00,5.000000000000000000e+00,4.000000000000000000e+00
-4.822926879859011362e-01,5.000000000000000000e+00,2.000000000000000000e+00
1.559624520389032987e-01,5.000000000000000000e+00,2.000000000000000000e+00
-1.379587760724474643e+00,5.000000000000000000e+00,4.000000000000000000e+00
-1.276500534969059908e+00,1.000000000000000000e+00,4.000000000000000000e+00
8.547088085559472193e-01,1.000000000000000000e+00,2.000000000000000000e+00
8.103801952978458012e-02,1.000000000000000000e+00,2.000000000000000000e+00
8.548147782813014794e-01,1.000000000000000000e+00,4.000000000000000000e+00
5.816452746885879543e-01,5.000000000000000000e+00,4.000000000000000000e+00
2.309847709832751228e+00,1.000000000000000000e+00,2.000000000000000000e+00
-1.614143287668181381e+00,1.000000000000000000e+00,2.000000000000000000e+00
-5.363603356671432093e-02,5.000000000000000000e+00,4.000000000000000000e+00
1.013891267732689228e+00,1.000000000000000000e+00,4.000000000000000000e+00
-4.346974830634042081e-02,5.000000000000000000e+00,4.000000000000000000e+00
-1.378296902228248466e-01,5.000000000000000000e+00,2.000000000000000000e+00
1.608441442891903328e-01,5.000000000000000000e+00,4.000000000000000000e+00
-1.447795084446047875e+00,1.000000000000000000e+00,4.000000000000000000e+00
1.394749239561260623e+00,5.000000000000000000e+00,2.000000000000000000e+00
-2.472857450439638338e+00,1.000000000000000000e+00,4.000000000000000000e+00
-4.449735335299680877e-02,5.000000000000000000e+00,4.000000000000000000e+00
-1.029434413331993925e+00,5.000000000000000000e+00,2.000000000000000000e+00
3.071002242858159592e-01,5.000000000000000000e+00,2.000000000000000000e+00
-1.625507896552804254e+00,1.000000000000000000e+00,2.000000000000000000e+00
1.130873677908844410e+00,1.000000000000000000e+00,4.000000000000000000e+00
-1.245766626317054843e-01,5.000000000000000000e+00,4.000000000000000000e+00
9.716219301995092650e-01,5.000000000000000000e+00,2.000000000000000000e+00
-8.033316721010145267e-01,1.000000000000000000e+00,4.000000000000000000e+00
-2.058046141668651519e+00,5.000000000000000000e+00,2.000000000000000000e+00
-7.354088019895073103e-01,1.000000000000000000e+00,4.000000000000000000e+00
-1.472317247937872109e+00,5.000000000000000000e+00,4.000000000000000000e+00
1.094592139869893455e+00,1.000000000000000000e+00,2.000000000000000000e+00
-4.447403607143237542e-02,1.000000000000000000e+00,4.000000000000000000e+00
-5.139369416342642882e-01,1.000000000000000000e+00,4.000000000000000000e+00
-1.263476339315511288e+00,1.000000000000000000e+00,4.000000000000000000e+00
-1.778646396497463034e-02,1.000000000000000000e+00,4.000000000000000000e+00
2.036824321429114848e-02,1.000000000000000000e+00,2.000000000000000000e+00
4.367004761173472471e-01,1.000000000000000000e+00,4.000000000000000000e+00
1.053847937719228023e+00,5.000000000000000000e+00,4.000000000000000000e+00
-9.125478147098149695e-02,1.000000000000000000e+00,2.000000000000000000e+00
-1.612383876603578070e+00,1.000000000000000000e+00,2.000000000000000000e+00
-1.827941827292355326e+00,5.000000000000000000e+00,4.000000000000000000e+00
4.894960811321024119e-01,5.000000000000000000e+00,4.000000000000000000e+00
1.120731158844594066e+00,1.000000000000000000e+00,2.000000000000000000e+00
-4.315684047390672129e-01,5.000000000000000000e+00,4.000000000000000000e+00
-6.869311813442944281e-01,5.000000000000000000e+00,4.000000000000000000e+00
-3.459929501930159024e-01,1.000000000000000000e+00,4.000000000000000000e+00
3.023839770208528940e-02,1.000000000000000000e+00,2.000000000000000000e+00
-9.982973244047423922e-01,1.000000000000000000e+00,4.000000000000000000e+00
4.588230940731016783e-02,1.000000000000000000e+00,2.000000000000000000e+00
6.034011257788204352e-01,5.000000000000000000e+00,4.000000000000000000e+00
9.462016290401502605e-01,1.000000000000000000e+00,4.000000000000000000e+00
8.840848964841310220e-01,1.000000000000000000e+00,2.000000000000000000e+00
5.939865539137629824e-01,1.000000000000000000e+00,4.000000000000000000e+00
-1.366793515846873142e+00,1.000000000000000000e+00,2.000000000000000000e+00
2.802430778750359952e-01,5.000000000000000000e+00,2.000000000000000000e+00
9.716212310400703656e-01,1.000000000000000000e+00,2.000000000000000000e+00
-2.935386698688546847e+00,1.000000000000000000e+00,4.000000000000000000e+00
1.422544266837389104e+00,1.000000000000000000e+00,4.000000000000000000e+00
-8.378578076794199747e-01,5.000000000000000000e+00,2.000000000000000000e+00
6.865782873561716571e-01,1.000000000000000000e+00,4.000000000000000000e+00
5.162265797760389185e-01,1.000000000000000000e+00,2.000000000000000000e+00
-4.162873653736893220e-01,5.000000000000000000e+00,4.000000000000000000e+00
-1.148037069511863469e-02,5.000000000000000000e+00,2.000000000000000000e+00
1.083934373608031354e+00,1.000000000000000000e+00,4.000000000000000000e+00
1.641848234213534319e+00,1.000000000000000000e+00,4.000000000000000000e+00
-7.239364994149987895e-03,1.000000000000000000e+00,4.000000000000000000e+00
-6.461726882387718307e-01,5.000000000000000000e+00,2.000000000000000000e+00
-1.342356958593163979e-02,5.000000000000000000e+00,2.000000000000000000e+00
2.318400009592198330e-01,1.000000000000000000e+00,2.000000000000000000e+00
4.010245593732905123e-01,1.000000000000000000e+00,2.000000000000000000e+00
4.887957673916996648e-01,1.000000000000000000e+00,4.000000000000000000e+00
-3.760728639087894121e-01,1.000000000000000000e+00,4.000000000000000000e+00
4.877775096524530896e-01,1.000000000000000000e+00,4.000000000000000000e+00
-1.274124598210466308e+00,5.000000000000000000e+00,4.000000000000000000e+00
-2.358564196819058711e+00,1.000000000000000000e+00,2.000000000000000000e+00
-6.143367867300291163e-01,5.000000000000000000e+00,4.000000000000000000e+00
-1.552884765993707727e+00,1.000000000000000000e+00,4.000000000000000000e+00
3.001465860834336419e-01,5.000000000000000000e+00,4.000000000000000000e+00
-1.133982168497184029e+00,1.000000000000000000e+00,2.000000000000000000e+00
2.619548117781779206e-01,5.000000000000000000e+00,2.000000000000000000e+00
-1.356206333871521064e-01,1.000000000000000000e+00,4.000000000000000000e+00
3.072451314362386054e-01,5.000000000000000000e+00,2.000000000000000000e+00
-2.998003741443195369e-01,5.000000000000000000e+00,2.000000000000000000e+00
8.943061048487095377e-01,1.000000000000000000e+00,4.000000000000000000e+00
8.091481823925976702e-01,5.000000000000000000e+00,4.000000000000000000e+00
1.910125905595306817e+00,5.000000000000000000e+00,2.000000000000000000e+00
-2.319237058425271669e-01,1.000000000000000000e+00,2.000000000000000000e+00
1.633129557168435442e+00,5.000000000000000000e+00,2.000000000000000000e+00
1.972680544704842109e+00,1.000000000000000000e+00,2.000000000000000000e+00
-1.237188710516147205e+00,5.000000000000000000e+00,2.000000000000000000e+00
-1.290784319296584437e+00,1.000000000000000000e+00,4.000000000000000000e+00
1.044463558881509435e+00,1.000000000000000000e+00,4.000000000000000000e+00
-6.716670885210580533e-01,5.000000000000000000e+00,2.000000000000000000e+00
-2.796735124210968371e-01,1.000000000000000000e+00,2.000000000000000000e+00
-1.567158348845001159e+00,5.000000000000000000e+00,2.000000000000000000e+00
-3.534670318862542238e-01,5.000000000000000000e+00,4.000000000000000000e+00
-9.231630200830324151e-01,1.000000000000000000e+00,2.000000000000000000e+00
3.017813847780635994e-01,5.000000000000000000e+00,2.000000000000000000e+00
1.054285495718706445e+00,1.000000000000000000e+00,2.000000000000000000e+00
7.414327467104393499e-01,1.000000000000000000e+00,4.000000000000000000e+00
-7.782264641116281023e-01,5.000000000000000000e+00,2.000000000000000000e+00
2.158986961047801856e-01,1.000000000000000000e+00,4.000000000000000000e+00
-1.032515750240041053e+00,5.000000000000000000e+00,2.000000000000000000e+00
9.963420793013314514e-01,5.000000000000000000e+00,2.000000000000000000e+00
-5.372704318124730261e-01,5.000000000000000000e+00,2.000000000000000000e+00
-1.001983222512808247e+00,1.000000000000000000e+00,2.000000000000000000e+00
-2.862039080277007930e-01,1.000000000000000000e+00,2.000000000000000000e+00
3.149840991963234749e-01,1.000000000000000000e+00,2.000000000000000000e+00
-7.281785526747557302e-01,1.000000000000000000e+00,4.000000000000000000e+00
6.612649945736275292e-01,1.000000000000000000e+00,4.000000000000000000e+00
7.472200462831559697e-01,1.000000000000000000e+00,2.000000000000000000e+00
-4.411694763066323355e-01,5.000000000000000000e+00,2.000000000000000000e+00
1.204628868911835848e+00,5.000000000000000000e+00,4.000000000000000000e+00
-1.319376072260306731e+00,5.000000000000000000e+00,2.000000000000000000e+00
3.239082910705849971e-01,5.000000000000000000e+00,2.000000000000000000e+00
2.349553165387299192e-01,5.000000000000000000e+00,2.000000000000000000e+00
-2.005554453562014283e-01,5.000000000000000000e+00,4.000000000000000000e+00
2.388775385851819588e-01,1.000000000000000000e+00,2.000000000000000000e+00
5.037506657888128903e-01,1.000000000000000000e+00,2.000000000000000000e+00
4.221892425738064669e-01,5.000000000000000000e+00,4.000000000000000000e+00
1.810558724486141247e-01,5.000000000000000000e+00,4.000000000000000000e+00
6.646446518325466180e-01,1.000000000000000000e+00,2.000000000000000000e+00
1.108243495781519927e+00,1.000000000000000000e+00,2.000000000000000000e+00
1.310452004984280938e+00,5.000000000000000000e+00,4.000000000000000000e+00
-7.896026575079837517e-01,5.000000000000000000e+00,4.000000000000000000e+00
1.070521811517053834e+00,5.000000000000000000e+00,4.000000000000000000e+00
5.168931250087382967e-01,5.000000000000000000e+00,2.000000000000000000e+00
-4.827713906882544759e-01,5.000000000000000000e+00,2.000000000000000000e+00
1.120903702981876471e+00,1.000000000000000000e+00,4.000000000000000000e+00
-2.186046029620131392e+00,5.000000000000000000e+00,4.000000000000000000e+00
-1.819745975444094777e-01,5.000000000000000000e+00,4.000000000000000000e+00
3.351914426547584341e-02,1.000000000000000000e+00,2.000000000000000000e+00
-5.809861269310864218e-01,1.000000000000000000e+00,2.000000000000000000e+00
-2.453603431752660047e+00,5.000000000000000000e+00,4.000000000000000000e+00
2.224837510468357760e+00,1.000000000000000000e+00,4.000000000000000000e+00
-9.965648515665047613e-01,5.000000000000000000e+00,4.000000000000000000e+00
-6.420796119062827101e-01,5.000000000000000000e+00,2.000000000000000000e+00
-9.825950522424591327e-01,5.000000000000000000e+00,2.000000000000000000e+00
7.693238513649693910e-01,5.000000000000000000e+00,2.000000000000000000e+00
-2.541657665354382090e-01,5.000000000000000000e+00,4.000000000000000000e+00
6.720492594399946062e-01,1.000000000000000000e+00,2.000000000000000000e+00
-4.330790232784546001e-01,1.000000000000000000e+00,4.000000000000000000e+00
6.151178612946029967e-01,1.000000000000000000e+00,4.000000000000000000e+00
-2.027268670519754012e-01,5.000000000000000000e+00,2.000000000000000000e+00
2.827899080625126751e-02,5.000000000000000000e+00,2.000000000000000000e+00
-1.328024828256976209e+00,5.000000000000000000e+00,2.000000000000000000e+00
1.174242351424522157e+00,5.000000000000000000e+00,4.000000000000000000e+00
-1.746065039363740468e+00,1.000000000000000000e+00,4.000000000000000000e+00
-2.211074411630222780e+00,5.000000000000000000e+00,4.000000000000000000e+00
-9.129488849734802569e-01,1.000000000000000000e+00,4.000000000000000000e+00
-1.396724783762240740e+00,1.000000000000000000e+00,2.000000000000000000e+00
-1.881560564128123225e+00,1.000000000000000000e+00,2.000000000000000000e+00
-1.207750453703659410e+00,1.000000000000000000e+00,2.000000000000000000e+00
1.468034435392803649e+00,1.000000000000000000e+00,4.000000000000000000e+00
7.208671789739204971e-01,5.000000000000000000e+00,4.000000000000000000e+00
-6.659208286151867273e-02,1.000000000000000000e+00,2.000000000000000000e+00
9.918425038405621619e-01,5.000000000000000000e+00,2.000000000000000000e+00
1.000241339534879259e+00,1.000000000000000000e+00,4.000000000000000000e+00
1.209425015321308861e+00,5.000000000000000000e+00,4.000000000000000000e+00
9.376132129206431187e-02,1.000000000000000000e+00,4.000000000000000000e+00
1.322737629659314962e+00,5.000000000000000000e+00,2.000000000000000000e+00
1.170908258325161072e-01,1.000000000000000000e+00,4.000000000000000000e+00
4.754608838044172003e-01,1.000000000000000000e+00,4.000000000000000000e+00
5.804829396754501714e-01,1.000000000000000000e+00,2.000000000000000000e+00
1.597769835118907800e+00,1.000000000000000000e+00,4.000000000000000000e+00
1.078769707231613584e+00,1.000000000000000000e+00,2.000000000000000000e+00
1.959001639262765160e+00,1.000000000000000000e+00,4.000000000000000000e+00
6.130933001088149092e-01,1.000000000000000000e+00,4.000000000000000000e+00
-7.149864560573443439e-01,5.000000000000000000e+00,2.000000000000000000e+00
-4.454988437265505197e-01,5.000000000000000000e+00,4.000000000000000000e+00
1.881737461269256562e+00,5.000000000000000000e+00,2.000000000000000000e+00
-3.394416025678839155e-01,5.000000000000000000e+00,4.000000000000000000e+00
-2.635746304253908101e-01,5.000000000000000000e+00,2.000000000000000000e+00
5.616071486369039051e-02,1.000000000000000000e+00,2.000000000000000000e+00
-1.281465169267449911e+00,5.000000000000000000e+00,4.000000000000000000e+00
1.708603818171192416e-03,1.000000000000000000e+00,2.000000000000000000e+00
-9.676999815458061649e-01,5.000000000000000000e+00,4.000000000000000000e+00
2.349078946234673282e+00,5.000000000000000000e+00,2.000000000000000000e+00
1.532667841414081744e+00,5.000000000000000000e+00,4.000000000000000000e+00
6.242926121793999084e-01,1.000000000000000000e+00,2.000000000000000000e+00
-7.898450645757516542e-01,1.000000000000000000e+00,4.000000000000000000e+00
7.091264750884529455e-01,1.000000000000000000e+00,2.000000000000000000e+00
-7.597610296348659142e-01,5.000000000000000000e+00,4.000000000000000000e+00
8.421212177325548831e-01,5.000000000000000000e+00,2.000000000000000000e+00
1.007242996689095449e+00,5.000000000000000000e+00,2.000000000000000000e+00
1.515730875753092066e+00,5.000000000000000000e+00,4.000000000000000000e+00
6.987457363921655284e-01,5.000000000000000000e+00,4.000000000000000000e+00
1.829077438931698385e+00,5.000000000000000000e+00,4.000000000000000000e+00
-8.827580958579606119e-01,5.000000000000000000e+00,4.000000000000000000e+00
-1.909526564993544451e-01,5.000000000000000000e+00,4.000000000000000000e+00
-7.623704893593554743e-01,5.000000000000000000e+00,2.000000000000000000e+00
9.910810195667077438e-02,5.000000000000000000e+00,4.000000000000000000e+00
-1.385933969768115448e+00,5.000000000000000000e+00,2.000000000000000000e+00
-1.021461647385898841e+00,1.000000000000000000e+00,2.000000000000000000e+00
-2.597483275108744549e-01,1.000000000000000000e+00,2.000000000000000000e+00
1.817416461561559560e-01,1.000000000000000000e+00,4.000000000000000000e+00
-2.961388769358179740e-01,1.000000000000000000e+00,2.000000000000000000e+00
4.665930258691081689e-01,1.000000000000000000e+00,4.000000000000000000e+00
-4.606975012013695414e-01,5.000000000000000000e+00,4.000000000000000000e+00
9.913203375777733528e-02,5.000000000000000000e+00,4.000000000000000000e+00
1.750368982467409296e-01,5.000000000000000000e+00,4.000000000000000000e+00
3.124552426698563590e-01,1.000000000000000000e+00,4.000000000000000000e+00
1.025081565468481726e+00,5.000000000000000000e+00,4.000000000000000000e+00
-1.419599916024491815e-01,5.000000000000000000e+00,4.000000000000000000e+00
-1.002852561340019433e+00,1.000000000000000000e+00,4.000000000000000000e+00
-4.057379391581868999e-01,1.000000000000000000e+00,4.000000000000000000e+00
-3.550272486109530279e-01,5.000000000000000000e+00,4.000000000000000000e+00
5.266191966985166450e-01,5.000000000000000000e+00,2.000000000000000000e+00
7.769105356722978695e-02,5.000000000000000000e+00,2.000000000000000000e+00
-1.952637485412356044e+00,1.000000000000000000e+00,2.000000000000000000e+00
4.033537547642717103e-01,5.000000000000000000e+00,2.000000000000000000e+00
4.207661506860145284e-01,5.000000000000000000e+00,2.000000000000000000e+00
6.763923658136201666e-01,5.000000000000000000e+00,4.000000000000000000e+00
1.066811874943545346e+00,1.000000000000000000e+00,4.000000000000000000e+00
4.621057653020855804e-01,1.000000000000000000e+00,4.000000000000000000e+00
-7.319754534530106271e-01,5.000000000000000000e+00,4.000000000000000000e+00
-8.863306610842222044e-01,1.000000000000000000e+00,2.000000000000000000e+00
-2.087162198691524750e+00,5.000000000000000000e+00,4.000000000000000000e+00
7.215705015959317237e-01,1.000000000000000000e+00,4.000000000000000000e+00
-1.239496817301195764e+00,1.000000000000000000e+00,4.000000000000000000e+00
5.116809005342778383e-01,5.000000000000000000e+00,2.000000000000000000e+00
8.337494148194639632e-01,5.000000000000000000e+00,4.000000000000000000e+00
5.915466091600881660e-01,5.000000000000000000e+00,2.000000000000000000e+00
-3.613129472427584199e-01,1.000000000000000000e+00,4.000000000000000000e+00
5.100832866405232702e-01,5.000000000000000000e+00,2.000000000000000000e+00
8.616158549503456499e-01,5.000000000000000000e+00,4.000000000000000000e+00
-7.338866088910808161e-01,1.000000000000000000e+00,4.000000000000000000e+00
9.611144572258371044e-01,5.000000000000000000e+00,2.000000000000000000e+00
-2.104915752261308781e-01,5.000000000000000000e+00,4.000000000000000000e+00
-7.073826380176830853e-01,1.000000000000000000e+00,4.000000000000000000e+00
2.806956835303192066e-01,5.000000000000000000e+00,4.000000000000000000e+00
-1.239520675082300682e+00,1.000000000000000000e+00,4.000000000000000000e+00
9.473603830656260882e-01,1.000000000000000000e+00,4.000000000000000000e+00
-1.047245458250553929e+00,5.000000000000000000e+00,2.000000000000000000e+00
-1.225510474725239884e-01,5.000000000000000000e+00,2.000000000000000000e+00
-2.046287175499395872e+00,5.000000000000000000e+00,4.000000000000000000e+00
2.921137516836067149e+00,5.000000000000000000e+00,2.000000000000000000e+00
2.543669769955486659e-01,5.000000000000000000e+00,2.000000000000000000e+00
-5.577539123305680357e-01,1.000000000000000000e+00,4.000000000000000000e+00
2.021282079737825921e+00,5.000000000000000000e+00,2.000000000000000000e+00
1.481266275076845051e+00,1.000000000000000000e+00,4.000000000000000000e+00
-2.442066509380418360e-01,5.000000000000000000e+00,2.000000000000000000e+00
6.307722185869220066e-01,1.000000000000000000e+00,2.000000000000000000e+00
1.660285431121486299e+00,1.000000000000000000e+00,4.000000000000000000e+00
4.261543145669891564e-01,1.000000000000000000e+00,2.000000000000000000e+00
1.881709182373763278e+00,5.000000000000000000e+00,2.000000000000000000e+00
7.986045614394381431e-01,1.000000000000000000e+00,4.000000000000000000e+00
-9.706277869902988353e-01,1.000000000000000000e+00,2.000000000000000000e+00
1.504800474669828469e+00,1.000000000000000000e+00,4.000000000000000000e+00
-6.036656504546457080e-01,1.000000000000000000e+00,2.000000000000000000e+00
1.033388318301766917e+00,1.000000000000000000e+00,2.000000000000000000e+00
8.972399646052865441e-01,5.000000000000000000e+00,4.000000000000000000e+00
-1.912710016179331118e+00,5.000000000000000000e+00,4.000000000000000000e+00
-5.806245359765922487e-01,1.000000000000000000e+00,2.000000000000000000e+00
1.534981097293640406e+00,5.000000000000000000e+00,4.000000000000000000e+00
9.886110560406601300e-01,5.000000000000000000e+00,4.000000000000000000e+00
-9.138979548166696887e-01,1.000000000000000000e+00,2.000000000000000000e+00
-6.030456668663607411e-01,5.000000000000000000e+00,4.000000000000000000e+00
1.575979273531876501e+00,1.000000000000000000e+00,2.000000000000000000e+00
2.936430455147941432e-01,1.000000000000000000e+00,4.000000000000000000e+00
1.215792055278280159e+00,1.000000000000000000e+00,4.000000000000000000e+00
2.733060707257619071e-01,1.000000000000000000e+00,4.000000000000000000e+00
-3.831120690787373495e-01,5.000000000000000000e+00,2.000000000000000000e+00
1.173282079204408745e+00,5.000000000000000000e+00,2.000000000000000000e+00
1.152231238742212449e+00,1.000000000000000000e+00,4.000000000000000000e+00
-1.293458652004044307e+00,5.000000000000000000e+00,4.000000000000000000e+00
2.008902102125575073e+00,5.000000000000000000e+00,4.000000000000000000e+00
1.171582270526534186e+00,1.000000000000000000e+00,2.000000000000000000e+00
-1.362178790886460877e+00,5.000000000000000000e+00,4.000000000000000000e+00
-1.145511509393068117e+00,5.000000000000000000e+00,4.000000000000000000e+00
1.595575791205245286e+00,1.000000000000000000e+00,4.000000000000000000e+00
2.092009402339322088e-01,1.000000000000000000e+00,2.000000000000000000e+00
4.403257635711448348e-01,5.000000000000000000e+00,2.000000000000000000e+00
2.114576765977250680e-02,1.000000000000000000e+00,4.000000000000000000e+00
2.180587454797848768e+00,1.000000000000000000e+00,2.000000000000000000e+00
3.188466149910920144e-01,5.000000000000000000e+00,2.000000000000000000e+00
-2.755744440948211804e-01,1.000000000000000000e+00,4.000000000000000000e+00
-1.778629052375612529e+00,5.000000000000000000e+00,2.000000000000000000e+00
1.503672542421125691e+00,1.000000000000000000e+00,4.000000000000000000e+00
1.495136997380281940e-01,1.000000000000000000e+00,2.000000000000000000e+00
7.632710454095961716e-02,1.000000000000000000e+00,2.000000000000000000e+00
-9.805486689384085297e-01,1.000000000000000000e+00,4.000000000000000000e+00
8.247925862877302228e-01,1.000000000000000000e+00,2.000000000000000000e+00
-6.861618271219318554e-01,1.000000000000000000e+00,4.000000000000000000e+00
1.292945473379917942e+00,1.000000000000000000e+00,4.000000000000000000e+00
6.124336835572598003e-01,1.000000000000000000e+00,2.000000000000000000e+00
1.431372301603526909e+00,1.000000000000000000e+00,4.000000000000000000e+00
6.324598464230425376e-01,1.000000000000000000e+00,2.000000000000000000e+00
-9.791109022744951540e-01,5.000000000000000000e+00,4.000000000000000000e+00
-3.370690689705478915e-01,5.000000000000000000e+00,2.000000000000000000e+00
1.492042780526050327e+00,5.000000000000000000e+00,4.000000000000000000e+00
8.750873216418056932e-01,1.000000000000000000e+00,4.000000000000000000e+00
-1.090876372828840868e+00,1.000000000000000000e+00,4.000000000000000000e+00
-1.260055140081944192e+00,1.000000000000000000e+00,2.000000000000000000e+00
4.339471627030518364e-01,5.000000000000000000e+00,4.000000000000000000e+00
2.626320051654527976e+00,1.000000000000000000e+00,2.000000000000000000e+00
-3.191358952461268439e-01,5.000000000000000000e+00,4.000000000000000000e+00
-4.234081088021163786e-01,1.000000000000000000e+00,4.000000000000000000e+00
-1.694464983083084464e+00,1.000000000000000000e+00,2.000000000000000000e+00
-1.099703606400358691e+00,1.000000000000000000e+00,4.000000000000000000e+00
-7.918255925781911841e-01,1.000000000000000000e+00,4.000000000000000000e+00
-4.562406252016843466e-01,5.000000000000000000e+00,2.000000000000000000e+00
-1.782258026246079374e-01,5.000000000000000000e+00,2.000000000000000000e+00
-1.826348296422996231e+00,1.000000000000000000e+00,4.000000000000000000e+00
6.169241605883387658e-01,1.000000000000000000e+00,2.000000000000000000e+00
4.850052300064169875e-02,1.000000000000000000e+00,2.000000000000000000e+00
-1.115109980442283044e+00,1.000000000000000000e+00,2.000000000000000000e+00
-7.481496363685614659e-01,5.000000000000000000e+00,2.000000000000000000e+00
-4.625706597572122880e-01,5.000000000000000000e+00,2.000000000000000000e+00
1.412353248343503731e+00,1.000000000000000000e+00,2.000000000000000000e+00
-8.178438022850375022e-01,1.000000000000000000e+00,2.000000000000000000e+00
9.410672993241268880e-02,5.000000000000000000e+00,4.000000000000000000e+00
6.008752909514550877e-01,5.000000000000000000e+00,2.000000000000000000e+00
-1.164429365950873985e+00,5.000000000000000000e+00,2.000000000000000000e+00
7.754045055081433269e-01,5.000000000000000000e+00,2.000000000000000000e+00
6.559310798677314702e-01,5.000000000000000000e+00,4.000000000000000000e+00
1.263221369877162603e+00,1.000000000000000000e+00,2.000000000000000000e+00
-6.416643963755896962e-01,1.000000000000000000e+00,4.000000000000000000e+00
2.130167325988237270e-01,1.000000000000000000e+00,2.000000000000000000e+00
6.411850569611079464e-01,1.000000000000000000e+00,4.000000000000000000e+00
1.365682041143285064e+00,1.000000000000000000e+00,2.000000000000000000e+00
1.043777018039179494e-01,5.000000000000000000e+00,4.000000000000000000e+00
-1.281005229840310067e+00,5.000000000000000000e+00,2.000000000000000000e+00
9.164671845604872580e-01,1.000000000000000000e+00,4.000000000000000000e+00
7.449921924742174129e-02,1.000000000000000000e+00,4.000000000000000000e+00
1.575677996115994350e+00,5.000000000000000000e+00,2.000000000000000000e+00
8.532215635211040095e-01,1.000000000000000000e+00,4.000000000000000000e+00
1.072361775799065414e-01,5.000000000000000000e+00,4.000000000000000000e+00
5.127672609995952424e-01,5.000000000000000000e+00,4.000000000000000000e+00
-1.336534471874991414e+00,1.000000000000000000e+00,2.000000000000000000e+00
3.607610528132159655e-01,1.000000000000000000e+00,2.000000000000000000e+00
-3.592793666847757250e-02,1.000000000000000000e+00,4.000000000000000000e+00
1.226892479629650090e+00,1.000000000000000000e+00,2.000000000000000000e+00
2.296939246610071317e-01,5.000000000000000000e+00,4.000000000000000000e+00
6.222762736746342838e-02,5.000000000000000000e+00,2.000000000000000000e+00
5.360903369341845082e-01,1.000000000000000000e+00,2.000000000000000000e+00
-5.265779294417993750e-01,5.000000000000000000e+00,4.000000000000000000e+00
5.699565571080643656e-01,1.000000000000000000e+00,4.000000000000000000e+00
-4.584579519421038696e-01,5.000000000000000000e+00,4.000000000000000000e+00
-4.321442171695891177e-01,1.000000000000000000e+00,2.000000000000000000e+00
7.201804332401883224e-01,5.000000000000000000e+00,4.000000000000000000e+00
1.149864485112435331e+00,1.000000000000000000e+00,2.000000000000000000e+00
-8.595447261160658048e-01,5.000000000000000000e+00,2.000000000000000000e+00
-2.002877709798032632e-02,5.000000000000000000e+00,2.000000000000000000e+00
-5.582462322263527232e-01,5.000000000000000000e+00,2.000000000000000000e+00
6.783906429749897438e-01,1.000000000000000000e+00,4.000000000000000000e+00
-1.400968342623343466e+00,1.000000000000000000e+00,4.000000000000000000e+00
-8.516099219805878251e-02,5.000000000000000000e+00,2.000000000000000000e+00
-1.465504021692455305e+00,1.000000000000000000e+00,4.000000000000000000e+00
-2.193375856745208297e-01,1.000000000000000000e+00,4.000000000000000000e+00
4.172740920635584772e-01,1.000000000000000000e+00,4.000000000000000000e+00
6.893145983628883311e-01,1.000000000000000000e+00,4.000000000000000000e+00
-5.563060504770452885e-01,5.000000000000000000e+00,4.000000000000000000e+00
3.237982281827907483e-01,5.000000000000000000e+00,4.000000000000000000e+00
-8.193824817386905490e-01,5.000000000000000000e+00,2.000000000000000000e+00
-1.292879803900297775e+00,5.000000000000000000e+00,2.000000000000000000e+00
-6.272535357961684932e-01,5.000000000000000000e+00,2.000000000000000000e+00
9.974828904421376707e-01,5.000000000000000000e+00,4.000000000000000000e+00
-9.451105921522914843e-02,1.000000000000000000e+00,4.000000000000000000e+00
2.492697160214441265e-01,1.000000000000000000e+00,4.000000000000000000e+00
2.237365299008646335e+00,5.000000000000000000e+00,2.000000000000000000e+00
1.793628642796726069e+00,1.000000000000000000e+00,4.000000000000000000e+00
-7.196525470488182030e-01,1.000000000000000000e+00,2.000000000000000000e+00
-1.912031753532325906e+00,1.000000000000000000e+00,4.000000000000000000e+00
1.229430335679984942e+00,1.000000000000000000e+00,4.000000000000000000e+00
6.449815397740442657e-01,5.000000000000000000e+00,2.000000000000000000e+00
-1.280009088123960526e+00,5.000000000000000000e+00,2.000000000000000000e+00
1.319167467112514425e+00,5.000000000000000000e+00,2.000000000000000000e+00
-5.194886911663970652e-01,1.000000000000000000e+00,4.000000000000000000e+00
7.481917173247096819e-01,1.000000000000000000e+00,2.000000000000000000e+00
5.540622755950187495e-01,1.000000000000000000e+00,2.000000000000000000e+00
3.731606740355495888e-01,1.000000000000000000e+00,2.000000000000000000e+00
-2.061920058121710309e+00,1.000000000000000000e+00,4.000000000000000000e+00
-4.522271874544747661e-01,5.000000000000000000e+00,4.000000000000000000e+00
1.503545801504097890e+00,5.000000000000000000e+00,4.000000000000000000e+00
-7.318963229638587586e-01,1.000000000000000000e+00,4.000000000000000000e+00
-6.159289814336889046e-01,5.000000000000000000e+00,4.000000000000000000e+00
1.065464767437916294e+00,1.000000000000000000e+00,2.000000000000000000e+00
1.480889915693115011e+00,1.000000000000000000e+00,4.000000000000000000e+00
1.315903895735038631e+00,1.000000000000000000e+00,4.000000000000000000e+00
1.348390737786961724e+00,1.000000000000000000e+00,4.000000000000000000e+00
2.565977908314855949e-01,1.000000000000000000e+00,2.000000000000000000e+00
-6.000177726757399688e-01,5.000000000000000000e+00,2.000000000000000000e+00
-5.496803833667510686e-01,5.000000000000000000e+00,2.000000000000000000e+00
-6.815156839612457329e-01,1.000000000000000000e+00,4.000000000000000000e+00
5.017031221585167566e-01,1.000000000000000000e+00,4.000000000000000000e+00
1.345806019514173446e+00,1.000000000000000000e+00,4.000000000000000000e+00
-4.893440910781817199e-01,5.000000000000000000e+00,4.000000000000000000e+00
5.498760265655521229e-01,1.000000000000000000e+00,4.000000000000000000e+00
3.239360410826011005e-01,1.000000000000000000e+00,2.000000000000000000e+00
-1.368434253531379152e+00,5.000000000000000000e+00,4.000000000000000000e+00
-1.847455622360392624e+00,1.000000000000000000e+00,2.000000000000000000e+00
-7.509709294336990304e-01,5.000000000000000000e+00,4.000000000000000000e+00
-7.777680468349450482e-01,5.000000000000000000e+00,2.000000000000000000e+00
-5.884240191499292560e-01,5.000000000000000000e+00,4.000000000000000000e+00
3.741817753943474378e-01,1.000000000000000000e+00,4.000000000000000000e+00
3.028361980392343944e-01,1.000000000000000000e+00,2.000000000000000000e+00
-1.022836898076448842e+00,5.000000000000000000e+00,4.000000000000000000e+00
-1.123192447876774525e+00,1.000000000000000000e+00,2.000000000000000000e+00
-9.678500837996476536e-01,5.000000000000000000e+00,2.000000000000000000e+00
-2.122609934858922798e-01,1.000000000000000000e+00,2.000000000000000000e+00
4.287820875990212000e-01,1.000000000000000000e+00,4.000000000000000000e+00
5.113179555983149438e-01,1.000000000000000000e+00,4.000000000000000000e+00
3.694532238846320316e-01,5.000000000000000000e+00,4.000000000000000000e+00
-6.323771684666560366e-01,5.000000000000000000e+00,4.000000000000000000e+00
1.001844408633693950e+00,5.000000000000000000e+00,2.000000000000000000e+00
1.596521888466530426e+00,5.000000000000000000e+00,2.000000000000000000e+00
6.308376334011833730e-01,1.000000000000000000e+00,2.000000000000000000e+00
7.944333267337649884e-01,5.000000000000000000e+00,2.000000000000000000e+00
-5.901979605827887276e-01,5.000000000000000000e+00,2.000000000000000000e+00
-1.288739976523830100e+00,5.000000000000000000e+00,2.000000000000000000e+00
1.327629312060992772e+00,1.000000000000000000e+00,2.000000000000000000e+00
-1.091890629869715496e-01,5.000000000000000000e+00,4.000000000000000000e+00
-1.192216368691356498e+00,1.000000000000000000e+00,4.000000000000000000e+00
1.220777847257567883e+00,5.000000000000000000e+00,4.000000000000000000e+00
-3.935982237322606103e-01,1.000000000000000000e+00,4.000000000000000000e+00
-5.834340478023424259e-01,5.000000000000000000e+00,4.000000000000000000e+00
-4.338833918892752439e-02,1.000000000000000000e+00,2.000000000000000000e+00
-3.576005232126570066e-01,1.000000000000000000e+00,4.000000000000000000e+00
2.045461615862730620e-01,1.000000000000000000e+00,4.000000000000000000e+00
-1.001820326978875464e+00,5.000000000000000000e+00,2.000000000000000000e+00
-1.156774607911583930e+00,1.000000000000000000e+00,2.000000000000000000e+00
-2.209526653141416774e-01,1.000000000000000000e+00,2.000000000000000000e+00
-5.397211973647213223e-02,5.000000000000000000e+00,4.000000000000000000e+00
-5.240822653801298081e-01,1.000000000000000000e+00,4.000000000000000000e+00
-1.117384371184281244e+00,5.000000000000000000e+00,2.000000000000000000e+00
4.328094620335823373e-01,5.000000000000000000e+00,2.000000000000000000e+00
1.333652239097230741e+00,5.000000000000000000e+00,2.000000000000000000e+00
6.347332531515410547e-01,5.000000000000000000e+00,4.000000000000000000e+00
-7.857397779497043988e-01,1.000000000000000000e+00,4.000000000000000000e+00
2.041345953098656185e+00,5.000000000000000000e+00,2.000000000000000000e+00
-8.459451029458562310e-01,5.000000000000000000e+00,4.000000000000000000e+00
-1.095408056891523874e+00,5.000000000000000000e+00,2.000000000000000000e+00
9.743299807170011095e-02,1.000000000000000000e+00,4.000000000000000000e+00
8.804095894911565523e-01,5.000000000000000000e+00,2.000000000000000000e+00
1.093728031420486468e+00,1.000000000000000000e+00,4.000000000000000000e+00
2.889264208868718153e-01,1.000000000000000000e+00,4.000000000000000000e+00
2.114358063670885024e-01,1.000000000000000000e+00,2.000000000000000000e+00
6.768942349808753089e-01,5.000000000000000000e+00,4.000000000000000000e+00
-1.738847192855425883e+00,5.000000000000000000e+00,4.000000000000000000e+00
-3.467473062950266471e-01,5.000000000000000000e+00,4.000000000000000000e+00
5.768024134810673109e-02,1.000000000000000000e+00,4.000000000000000000e+00
-2.070464473508227057e-02,1.000000000000000000e+00,4.000000000000000000e+00
3.630204023995213247e-01,5.000000000000000000e+00,4.000000000000000000e+00
1.361157877789071977e-02,1.000000000000000000e+00,4.000000000000000000e+00
-9.660350596109773536e-01,1.000000000000000000e+00,4.000000000000000000e+00
-3.697821164559625395e-01,5.000000000000000000e+00,2.000000000000000000e+00
4.451293392365262558e-01,5.000000000000000000e+00,4.000000000000000000e+00
4.790207708523186447e-01,1.000000000000000000e+00,4.000000000000000000e+00
6.991149553659741223e-01,1.000000000000000000e+00,2.000000000000000000e+00
3.226717353007915734e-01,1.000000000000000000e+00,2.000000000000000000e+00
6.388208191660617041e-01,1.000000000000000000e+00,4.000000000000000000e+00
-5.103580669579055318e-01,1.000000000000000000e+00,4.000000000000000000e+00
8.470496986791019312e-02,5.000000000000000000e+00,4.000000000000000000e+00
-1.244000922480385851e+00,1.000000000000000000e+00,4.000000000000000000e+00
1.574853781518581242e+00,1.000000000000000000e+00,2.000000000000000000e+00
-1.193172989980735427e-01,1.000000000000000000e+00,2.000000000000000000e+00
3.730940043789962024e-01,1.000000000000000000e+00,4.000000000000000000e+00
-5.396916010733634472e-01,1.000000000000000000e+00,2.000000000000000000e+00
1.198556173313734208e+00,5.000000000000000000e+00,4.000000000000000000e+00
2.383370312808236857e+00,5.000000000000000000e+00,2.000000000000000000e+00
4.963471936180814947e-01,5.000000000000000000e+00,4.000000000000000000e+00
3.933719061666337002e-01,1.000000000000000000e+00,2.000000000000000000e+00
-1.293506796938377779e+00,1.000000000000000000e+00,2.000000000000000000e+00
6.291762993885453570e-01,5.000000000000000000e+00,2.000000000000000000e+00
-5.707483597776119577e-01,1.000000000000000000e+00,4.000000000000000000e+00
-1.271751163259542683e-01,5.000000000000000000e+00,2.000000000000000000e+00
1.152827655491653669e+00,5.000000000000000000e+00,4.000000000000000000e+00
-2.950160114009443557e-01,1.000000000000000000e+00,4.000000000000000000e+00
-4.546930868620469579e-01,1.000000000000000000e+00,2.000000000000000000e+00
-4.404663339713087988e-01,5.000000000000000000e+00,2.000000000000000000e+00
-1.805714780615377935e+00,5.000000000000000000e+00,4.000000000000000000e+00
5.194771613991290282e-01,5.000000000000000000e+00,4.000000000000000000e+00
-3.932534019177902906e-01,5.000000000000000000e+00,4.000000000000000000e+00
-2.555763406086240530e-01,1.000000000000000000e+00,4.000000000000000000e+00
2.242876967813022260e-01,5.000000000000000000e+00,2.000000000000000000e+00
9.572708615658537257e-01,1.000000000000000000e+00,4.000000000000000000e+00
-4.365041505181879167e-01,5.000000000000000000e+00,4.000000000000000000e+00
-1.167267302823293385e+00,5.000000000000000000e+00,4.000000000000000000e+00
8.696119924662926159e-01,5.000000000000000000e+00,2.000000000000000000e+00
-8.700927396041652218e-01,5.000000000000000000e+00,4.000000000000000000e+00
-2.517974894220195381e+00,5.000000000000000000e+00,4.000000000000000000e+00
-5.932076427114068018e-01,1.000000000000000000e+00,2.000000000000000000e+00
5.024481950098317329e-01,5.000000000000000000e+00,2.000000000000000000e+00
-3.376504286937604404e-01,5.000000000000000000e+00,2.000000000000000000e+00
2.292466566711655052e+00,5.000000000000000000e+00,2.000000000000000000e+00
-2.288272917975958665e-01,1.000000000000000000e+00,4.000000000000000000e+00
8.033235311743176510e-01,5.000000000000000000e+00,4.000000000000000000e+00
-9.692340212472956573e-02,5.000000000000000000e+00,4.000000000000000000e+00
4.969849531498226614e-01,5.000000000000000000e+00,2.000000000000000000e+00
2.195637013733513221e-01,1.000000000000000000e+00,2.000000000000000000e+00
-3.998969301523300213e-01,1.000000000000000000e+00,2.000000000000000000e+00
4.827400082891725730e-01,5.000000000000000000e+00,4.000000000000000000e+00
-2.102116277584141990e+00,5.000000000000000000e+00,2.000000000000000000e+00
4.876403605958226639e-01,1.000000000000000000e+00,4.000000000000000000e+00
-1.215651402388199687e+00,1.000000000000000000e+00,4.000000000000000000e+00
-4.542082841257008008e-01,5.000000000000000000e+00,4.000000000000000000e+00
-9.033250997563588847e-01,5.000000000000000000e+00,4.000000000000000000e+00
-3.442720050810522681e-01,1.000000000000000000e+00,2.000000000000000000e+00
-1.020077372604046184e+00,5.000000000000000000e+00,2.000000000000000000e+00
2.105681627695168423e+00,1.000000000000000000e+00,2.000000000000000000e+00
1.313720947082007706e+00,5.000000000000000000e+00,4.000000000000000000e+00
-1.701191324716003317e+00,5.000000000000000000e+00,4.000000000000000000e+00
1.328508862358759979e+00,1.000000000000000000e+00,2.000000000000000000e+00
5.507439546764150151e-01,1.000000000000000000e+00,4.000000000000000000e+00
-6.530870854123623781e-01,1.000000000000000000e+00,4.000000000000000000e+00
-2.130455692736807904e+00,1.000000000000000000e+00,2.000000000000000000e+00
4.558123552395922928e-01,1.000000000000000000e+00,4.000000000000000000e+00
1.212164852256789382e+00,1.000000000000000000e+00,2.000000000000000000e+00
-3.432377027153245552e-01,5.000000000000000000e+00,4.000000000000000000e+00
-1.257781723195994066e-02,1.000000000000000000e+00,4.000000000000000000e+00
1.433552240175721915e+00,1.000000000000000000e+00,2.000000000000000000e+00
-3.781723562634408120e-01,1.000000000000000000e+00,2.000000000000000000e+00
5.921546725647132137e-01,1.000000000000000000e+00,4.000000000000000000e+00
-1.839815477171535596e+00,5.000000000000000000e+00,4.000000000000000000e+00
1.193423369772550258e+00,1.000000000000000000e+00,2.000000000000000000e+00
-1.579314164437432000e+00,5.000000000000000000e+00,4.000000000000000000e+00
-1.689079632340855008e+00,1.000000000000000000e+00,4.000000000000000000e+00
-3.359946054210683625e-02,1.000000000000000000e+00,4.000000000000000000e+00
-4.942646712251705723e-03,5.000000000000000000e+00,4.000000000000000000e+00
7.782845025021137841e-01,5.000000000000000000e+00,4.000000000000000000e+00
-4.057764860759191516e-01,5.000000000000000000e+00,2.000000000000000000e+00
-4.517534219450578536e-01,1.000000000000000000e+00,2.000000000000000000e+00
8.996331986497014821e-01,5.000000000000000000e+00,4.000000000000000000e+00
-3.134709118439982234e-01,1.000000000000000000e+00,4.000000000000000000e+00
1.150976687172286628e+00,1.000000000000000000e+00,2.000000000000000000e+00
1.094682515472301665e+00,1.000000000000000000e+00,4.000000000000000000e+00
9.170169959956138428e-02,1.000000000000000000e+00,4.000000000000000000e+00
-9.217297880078915151e-01,1.000000000000000000e+00,4.000000000000000000e+00
-9.155773757937640811e-01,1.000000000000000000e+00,4.000000000000000000e+00
-1.426152055613666203e+00,5.000000000000000000e+00,4.000000000000000000e+00
7.368600710803846487e-01,5.000000000000000000e+00,2.000000000000000000e+00
9.256880418771007424e-02,1.000000000000000000e+00,2.000000000000000000e+00
-1.156734259644603968e+00,1.000000000000000000e+00,2.000000000000000000e+00
-1.772077335139916887e-01,5.000000000000000000e+00,2.000000000000000000e+00
-1.373995933401569891e+00,1.000000000000000000e+00,4.000000000000000000e+00
1.593394565661685691e+00,1.000000000000000000e+00,4.000000000000000000e+00
-5.242544749751396616e-01,5.000000000000000000e+00,4.000000000000000000e+00
1.404601366522611805e+00,1.000000000000000000e+00,4.000000000000000000e+00
1.361770776622795998e+00,5.000000000000000000e+00,2.000000000000000000e+00
7.751126494665652178e-01,1.000000000000000000e+00,4.000000000000000000e+00
-2.436876892576869402e-01,1.000000000000000000e+00,4.000000000000000000e+00
1.189161737597204338e+00,1.000000000000000000e+00,4.000000000000000000e+00
-2.196204992032982639e-01,1.000000000000000000e+00,4.000000000000000000e+00
6.813329516515506112e-01,1.000000000000000000e+00,4.000000000000000000e+00
2.369157379858826573e+00,1.000000000000000000e+00,4.000000000000000000e+00
-1.008124779086904260e-01,5.000000000000000000e+00,4.000000000000000000e+00
-1.425886759654634739e+00,1.000000000000000000e+00,4.000000000000000000e+00
-9.196256778563240974e-01,1.000000000000000000e+00,2.000000000000000000e+00
2.282047670635655390e+00,5.000000000000000000e+00,4.000000000000000000e+00
-6.099345331534943293e-01,5.000000000000000000e+00,4.000000000000000000e+00
-1.455973499331548061e-03,1.000000000000000000e+00,2.000000000000000000e+00
4.786365022874184971e-01,1.000000000000000000e+00,2.000000000000000000e+00
7.701727857574485192e-01,1.000000000000000000e+00,4.000000000000000000e+00
-3.770286351881178555e-01,5.000000000000000000e+00,4.000000000000000000e+00
7.859871245427645370e-01,1.000000000000000000e+00,2.000000000000000000e+00
-3.229379425615733212e-01,5.000000000000000000e+00,2.000000000000000000e+00
3.400070195511187832e-01,5.000000000000000000e+00,2.000000000000000000e+00
1.064903407029154758e+00,5.000000000000000000e+00,2.000000000000000000e+00
-5.711596862865721963e-02,1.000000000000000000e+00,4.000000000000000000e+00
-1.150127482346836733e-01,5.000000000000000000e+00,2.000000000000000000e+00
1.992239244626232475e+00,5.000000000000000000e+00,4.000000000000000000e+00
4.923449410789135783e-01,5.000000000000000000e+00,2.000000000000000000e+00
3.447528904793851212e-01,5.000000000000000000e+00,2.000000000000000000e+00
1.663693295987071386e+00,5.000000000000000000e+00,4.000000000000000000e+00
3.355165630907434166e-02,5.000000000000000000e+00,4.000000000000000000e+00
1.545784679248364490e+00,1.000000000000000000e+00,4.000000000000000000e+00
-3.503099244474738860e-01,1.000000000000000000e+00,2.000000000000000000e+00
9.234762138680492338e-01,1.000000000000000000e+00,4.000000000000000000e+00
3.331941135152132749e-01,5.000000000000000000e+00,2.000000000000000000e+00
-1.686591584609355765e+00,1.000000000000000000e+00,4.000000000000000000e+00
-1.652376274529025191e-01,5.000000000000000000e+00,4.000000000000000000e+00
2.888571900704194895e-01,1.000000000000000000e+00,2.000000000000000000e+00
-6.851977583887847167e-01,1.000000000000000000e+00,4.000000000000000000e+00
7.826069469441482296e-02,5.000000000000000000e+00,4.000000000000000000e+00
-4.136874763884966777e-01,5.000000000000000000e+00,2.000000000000000000e+00
-1.461710216277678276e+00,1.000000000000000000e+00,4.000000000000000000e+00
-1.979290484966414576e+00,1.000000000000000000e+00,2.000000000000000000e+00
5.266982531940564982e-01,1.000000000000000000e+00,4.000000000000000000e+00
1.433821939578191929e+00,1.000000000000000000e+00,4.000000000000000000e+00
-2.674048867425827813e-01,5.000000000000000000e+00,4.000000000000000000e+00
-9.297050891337353684e-02,1.000000000000000000e+00,2.000000000000000000e+00
-2.090151280045132176e-01,5.000000000000000000e+00,4.000000000000000000e+00
3.903232004460400334e-02,5.000000000000000000e+00,2.000000000000000000e+00
1.208409240156972375e-01,5.000000000000000000e+00,4.000000000000000000e+00
9.256049178157909063e-01,1.000000000000000000e+00,4.000000000000000000e+00
2.112631572865740992e+00,1.000000000000000000e+00,4.000000000000000000e+00
-9.296391534363228626e-01,5.000000000000000000e+00,2.000000000000000000e+00
-5.159365353497359363e-01,5.000000000000000000e+00,2.000000000000000000e+00
-6.424963946260472403e-01,5.000000000000000000e+00,2.000000000000000000e+00
-8.011963272350952625e-01,5.000000000000000000e+00,4.000000000000000000e+00
-2.566142247586843811e-02,1.000000000000000000e+00,4.000000000000000000e+00
-7.766558139608371603e-01,5.000000000000000000e+00,2.000000000000000000e+00
-6.076590001215499692e-02,1.000000000000000000e+00,4.000000000000000000e+00
-3.174750362230716050e-01,1.000000000000000000e+00,2.000000000000000000e+00
2.110088564343001405e+00,1.000000000000000000e+00,2.000000000000000000e+00
-1.276470357234869013e+00,1.000000000000000000e+00,2.000000000000000000e+00
-2.648862072471876994e-01,1.000000000000000000e+00,4.000000000000000000e+00
-1.399151426983836322e+00,1.000000000000000000e+00,2.000000000000000000e+00
-1.064088472823385423e-01,5.000000000000000000e+00,4.000000000000000000e+00
-4.549517065811769512e-01,5.000000000000000000e+00,2.000000000000000000e+00
4.098536760372048157e-03,1.000000000000000000e+00,2.000000000000000000e+00
2.035246242399286309e+00,1.000000000000000000e+00,4.000000000000000000e+00
-2.851396263908090867e-01,1.000000000000000000e+00,2.000000000000000000e+00
5.765724082274648055e-01,1.000000000000000000e+00,4.000000000000000000e+00
2.182252159089018151e-01,1.000000000000000000e+00,2.000000000000000000e+00
-3.534653873163808857e-01,5.000000000000000000e+00,2.000000000000000000e+00
-2.487509022900550315e-01,1.000000000000000000e+00,4.000000000000000000e+00
5.958529282079551015e-01,1.000000000000000000e+00,2.000000000000000000e+00
-4.922708991335540962e-01,5.000000000000000000e+00,4.000000000000000000e+00
-6.987464179135335907e-02,5.000000000000000000e+00,4.000000000000000000e+00
-3.005551864052314337e-01,1.000000000000000000e+00,2.000000000000000000e+00
6.614107914228257723e-01,1.000000000000000000e+00,2.000000000000000000e+00
9.558648031531316036e-01,5.000000000000000000e+00,2.000000000000000000e+00
5.851921890347518973e-01,5.000000000000000000e+00,2.000000000000000000e+00
1.889988327598887574e+00,5.000000000000000000e+00,2.000000000000000000e+00
-3.896768040183694048e-01,5.000000000000000000e+00,2.000000000000000000e+00
-4.836086195970631940e-03,5.000000000000000000e+00,2.000000000000000000e+00
-4.403565549008394558e-02,1.000000000000000000e+00,2.000000000000000000e+00
2.798244908342200965e+00,5.000000000000000000e+00,4.000000000000000000e+00
5.439282710164061729e-01,5.000000000000000000e+00,4.000000000000000000e+00
-3.768193145676856926e-01,5.000000000000000000e+00,2.000000000000000000e+00
1.066596100327466434e+00,5.000000000000000000e+00,2.000000000000000000e+00
-1.291657588589467887e+00,1.000000000000000000e+00,2.000000000000000000e+00
-1.770791598441805670e+00,1.000000000000000000e+00,4.000000000000000000e+00
3.494041540466459872e-01,1.000000000000000000e+00,2.000000000000000000e+00
-6.676485467501682702e-01,1.000000000000000000e+00,4.000000000000000000e+00
1.944278427383485386e-01,1.000000000000000000e+00,4.000000000000000000e+00
-2.629899497259690078e-01,5.000000000000000000e+00,2.000000000000000000e+00
-3.879553081116872693e-01,1.000000000000000000e+00,2.000000000000000000e+00
-1.712094820216919500e-01,1.000000000000000000e+00,2.000000000000000000e+00
1.095925413355697708e+00,1.000000000000000000e+00,2.000000000000000000e+00
1.822243513640930068e+00,5.000000000000000000e+00,2.000000000000000000e+00
-9.439038494919528288e-01,5.000000000000000000e+00,4.000000000000000000e+00
1.545267550693648406e+00,1.000000000000000000e+00,2.000000000000000000e+00
-2.497090982092618205e-01,5.000000000000000000e+00,2.000000000000000000e+00
-1.148284960062992410e-01,5.000000000000000000e+00,4.000000000000000000e+00
-1.370823098048293165e+00,1.000000000000000000e+00,2.000000000000000000e+00
1.101394001455213045e+00,1.000000000000000000e+00,2.000000000000000000e+00
-7.620354854718415227e-01,1.000000000000000000e+00,4.000000000000000000e+00
2.326540778871712678e-01,1.000000000000000000e+00,4.000000000000000000e+00
9.473187163239974451e-01,1.000000000000000000e+00,2.000000000000000000e+00
2.482644885211550065e-02,1.000000000000000000e+00,2.000000000000000000e+00
-1.655298739453277268e-01,1.000000000000000000e+00,4.000000000000000000e+00
-9.884686063948077139e-01,1.000000000000000000e+00,4.000000000000000000e+00
-7.290398480049868901e-01,5.000000000000000000e+00,4.000000000000000000e+00
2.307235191503474780e+00,5.000000000000000000e+00,4.000000000000000000e+00
-1.045275019186730603e+00,1.000000000000000000e+00,2.000000000000000000e+00
1.231642894740285099e+00,1.000000000000000000e+00,4.000000000000000000e+00
1.080788594939342762e+00,5.000000000000000000e+00,2.000000000000000000e+00
-2.621370512483879978e+00,5.000000000000000000e+00,4.000000000000000000e+00
4.720074000941830161e-01,5.000000000000000000e+00,2.000000000000000000e+00
5.668275736929230257e-01,5.000000000000000000e+00,2.000000000000000000e+00
-4.181869337282819732e-01,5.000000000000000000e+00,2.000000000000000000e+00
-8.212775099781287613e-01,5.000000000000000000e+00,2.000000000000000000e+00
1.761401314399146933e-01,1.000000000000000000e+00,4.000000000000000000e+00
-3.426109364145573655e-01,5.000000000000000000e+00,4.000000000000000000e+00
8.403776769472343089e-01,1.000000000000000000e+00,4.000000000000000000e+00
-2.735930029192171209e-01,1.000000000000000000e+00,2.000000000000000000e+00
-1.298934289987522250e+00,5.000000000000000000e+00,4.000000000000000000e+00
-7.574130064323940648e-01,5.000000000000000000e+00,4.000000000000000000e+00
-6.398749044522997198e-02,5.000000000000000000e+00,2.000000000000000000e+00
-7.637584168428052100e-01,1.000000000000000000e+00,2.000000000000000000e+00
3.105887095934430908e-01,5.000000000000000000e+00,2.000000000000000000e+00
5.382524745222518059e-02,1.000000000000000000e+00,4.000000000000000000e+00
1.002814582004926347e+00,5.000000000000000000e+00,4.000000000000000000e+00
-1.890462221435754486e+00,5.000000000000000000e+00,4.000000000000000000e+00
-1.527135072509458458e-01,1.000000000000000000e+00,4.000000000000000000e+00
-4.491321622303408034e-01,5.000000000000000000e+00,4.000000000000000000e+00
2.653183704874318982e-01,1.000000000000000000e+00,4.000000000000000000e+00
5.882174001144910291e-02,1.000000000000000000e+00,2.000000000000000000e+00
1.817145584379397993e+00,1.000000000000000000e+00,4.000000000000000000e+00
-1.314024624385647488e+00,5.000000000000000000e+00,2.000000000000000000e+00
-2.122867568213053779e+00,5.000000000000000000e+00,4.000000000000000000e+00
-1.214415746169932087e+00,1.000000000000000000e+00,2.000000000000000000e+00
-4.263185237978502351e-01,1.000000000000000000e+00,2.000000000000000000e+00
8.590900747441104768e-01,1.000000000000000000e+00,4.000000000000000000e+00
-5.547857355294292248e-01,1.000000000000000000e+00,2.000000000000000000e+00
3.186512330096097911e-01,5.000000000000000000e+00,2.000000000000000000e+00
6.169708297656556484e-01,5.000000000000000000e+00,2.000000000000000000e+00
3.154093410664272623e-01,1.000000000000000000e+00,2.000000000000000000e+00
-4.916688660257235166e-01,5.000000000000000000e+00,4.000000000000000000e+00
1.307033856698310015e-01,5.000000000000000000e+00,2.000000000000000000e+00
7.422583384552909613e-02,5.000000000000000000e+00,2.000000000000000000e+00
-2.757168507441555283e-01,1.000000000000000000e+00,2.000000000000000000e+00
5.345906549021536280e-01,5.000000000000000000e+00,4.000000000000000000e+00
-2.045631020593706051e+00,5.000000000000000000e+00,4.000000000000000000e+00
1.453507559258305326e+00,1.000000000000000000e+00,2.000000000000000000e+00
1.980021874349136901e+00,1.000000000000000000e+00,2.000000000000000000e+00
8.988421503994076245e-01,1.000000000000000000e+00,4.000000000000000000e+00
-3.239035430877081012e+00,1.000000000000000000e+00,4.000000000000000000e+00
6.437247924458538995e-01,1.000000000000000000e+00,2.000000000000000000e+00
1.196124382419679000e+00,5.000000000000000000e+00,4.000000000000000000e+00
-2.634887129953699669e-01,5.000000000000000000e+00,4.000000000000000000e+00
-1.889579009849801983e+00,1.000000000000000000e+00,2.000000000000000000e+00
-6.216646114352512020e-01,1.000000000000000000e+00,2.000000000000000000e+00
8.017960866597569902e-01,5.000000000000000000e+00,2.000000000000000000e+00
1.506543162569400574e+00,5.000000000000000000e+00,2.000000000000000000e+00
2.741773414768683970e-01,1.000000000000000000e+00,2.000000000000000000e+00
9.409343624074913981e-01,5.000000000000000000e+00,2.000000000000000000e+00
9.105127519816841319e-02,1.000000000000000000e+00,4.000000000000000000e+00
4.680517842580406151e-01,5.000000000000000000e+00,2.000000000000000000e+00
1.144518291925834763e+00,5.000000000000000000e+00,4.000000000000000000e+00
3.490602537424510876e-01,5.000000000000000000e+00,4.000000000000000000e+00
9.336154061976519314e-01,1.000000000000000000e+00,2.000000000000000000e+00
1.370401608983842889e+00,5.000000000000000000e+00,2.000000000000000000e+00
-9.597628861385461008e-01,1.000000000000000000e+00,2.000000000000000000e+00
1.214629359085208415e+00,5.000000000000000000e+00,2.000000000000000000e+00
-1.534451172661829510e+00,1.000000000000000000e+00,2.000000000000000000e+00
-3.268200540878305471e-01,1.000000000000000000e+00,4.000000000000000000e+00
1.770543054855466536e-01,1.000000000000000000e+00,4.000000000000000000e+00
1.466671379836343547e+00,5.000000000000000000e+00,2.000000000000000000e+00
-1.689770086320183662e+00,5.000000000000000000e+00,4.000000000000000000e+00
6.046578035415399732e-01,1.000000000000000000e+00,2.000000000000000000e+00
1.095246596032653175e+00,5.000000000000000000e+00,4.000000000000000000e+00
-9.505991339105926974e-01,1.000000000000000000e+00,2.000000000000000000e+00
1.390288991231321436e+00,1.000000000000000000e+00,4.000000000000000000e+00
5.192661387945233242e-01,5.000000000000000000e+00,2.000000000000000000e+00
4.172337400195066381e-01,5.000000000000000000e+00,4.000000000000000000e+00
-1.992111174149494568e+00,5.000000000000000000e+00,2.000000000000000000e+00
1.984520512559088609e-02,1.000000000000000000e+00,4.000000000000000000e+00
-5.083014166396098155e-01,1.000000000000000000e+00,4.000000000000000000e+00
1.346143239112167045e+00,5.000000000000000000e+00,4.000000000000000000e+00
-4.501859559709253111e-01,5.000000000000000000e+00,2.000000000000000000e+00
-6.921870494468586044e-01,5.000000000000000000e+00,2.000000000000000000e+00
-1.397289531833450171e+00,1.000000000000000000e+00,2.000000000000000000e+00
1.798924638246788055e+00,5.000000000000000000e+00,2.000000000000000000e+00
-2.162795820862289276e+00,5.000000000000000000e+00,4.000000000000000000e+00
8.808740748860099945e-01,1.000000000000000000e+00,4.000000000000000000e+00
-6.968589652188452721e-01,1.000000000000000000e+00,2.000000000000000000e+00
9.914044901523513253e-01,5.000000000000000000e+00,2.000000000000000000e+00
1.631506279289975103e-01,5.000000000000000000e+00,2.000000000000000000e+00
2.085070076985870546e+00,1.000000000000000000e+00,2.000000000000000000e+00
-9.584748007708223660e-01,1.000000000000000000e+00,4.000000000000000000e+00
9.001977536600561658e-01,1.000000000000000000e+00,2.000000000000000000e+00
-3.913668277732277323e-01,1.000000000000000000e+00,4.000000000000000000e+00
-9.394044973650842456e-01,5.000000000000000000e+00,4.000000000000000000e+00
6.357927040896802495e-01,5.000000000000000000e+00,2.000000000000000000e+00
-1.441457379943668904e-01,5.000000000000000000e+00,2.000000000000000000e+00
8.297454350570082626e-01,1.000000000000000000e+00,2.000000000000000000e+00
-1.538116283294723496e+00,1.000000000000000000e+00,2.000000000000000000e+00
-7.555190137372984338e-02,1.000000000000000000e+00,2.000000000000000000e+00
2.338859122564987736e+00,5.000000000000000000e+00,2.000000000000000000e+00
7.522683216084239399e-01,1.000000000000000000e+00,2.000000000000000000e+00
-1.187533915400565965e+00,5.000000000000000000e+00,2.000000000000000000e+00
1.372586129783993192e+00,5.000000000000000000e+00,4.000000000000000000e+00
-3.324688286596244602e-01,1.000000000000000000e+00,4.000000000000000000e+00
5.000743595136692976e-01,1.000000000000000000e+00,2.000000000000000000e+00
-2.833395862653309005e-01,1.000000000000000000e+00,4.000000000000000000e+00
2.099112361013737993e-01,5.000000000000000000e+00,4.000000000000000000e+00
-1.924397141096027219e+00,1.000000000000000000e+00,4.000000000000000000e+00
-2.507698368692983792e-01,1.000000000000000000e+00,4.000000000000000000e+00
-4.854564905358355054e-01,1.000000000000000000e+00,4.000000000000000000e+00
-2.821741505174309439e-01,5.000000000000000000e+00,2.000000000000000000e+00
-2.196047185251858713e-01,1.000000000000000000e+00,2.000000000000000000e+00
-1.080462256154095302e+00,5.000000000000000000e+00,2.000000000000000000e+00
7.379648567480734389e-02,5.000000000000000000e+00,2.000000000000000000e+00
-1.656406459537548503e+00,5.000000000000000000e+00,2.000000000000000000e+00
1.868954290860764811e+00,5.000000000000000000e+00,2.000000000000000000e+00
-5.251562184450364601e-01,5.000000000000000000e+00,2.000000000000000000e+00
3.717005535805838257e+00,1.000000000000000000e+00,2.000000000000000000e+00
1.415572816586989413e+00,1.000000000000000000e+00,2.000000000000000000e+00
-7.133640676695898186e-01,5.000000000000000000e+00,2.000000000000000000e+00
4.896700699618670716e-01,1.000000000000000000e+00,4.000000000000000000e+00
-9.090851601402083482e-01,5.000000000000000000e+00,2.000000000000000000e+00
-3.438602107108084532e-02,1.000000000000000000e+00,2.000000000000000000e+00
-1.642046592993431364e+00,1.000000000000000000e+00,4.000000000000000000e+00
-6.677563598854639737e-02,5.000000000000000000e+00,4.000000000000000000e+00
-2.006616821602329459e+00,1.000000000000000000e+00,2.000000000000000000e+00
-1.676861599059160657e+00,5.000000000000000000e+00,4.000000000000000000e+00
-1.677506481919873949e+00,1.000000000000000000e+00,4.000000000000000000e+00
3.972513514952568658e-01,5.000000000000000000e+00,4.000000000000000000e+00
-6.261991526634148597e-01,1.000000000000000000e+00,2.000000000000000000e+00
1.380529386996079966e+00,5.000000000000000000e+00,2.000000000000000000e+00
1.470470264489552203e+00,1.000000000000000000e+00,4.000000000000000000e+00
8.813292493286190021e-01,5.000000000000000000e+00,4.000000000000000000e+00
-2.626789498642712051e-01,5.000000000000000000e+00,2.000000000000000000e+00
-4.556809051154206425e-01,5.000000000000000000e+00,4.000000000000000000e+00
-8.798000095736350223e-01,1.000000000000000000e+00,2.000000000000000000e+00
-4.280881051122997771e-01,5.000000000000000000e+00,2.000000000000000000e+00
3.660240752302461043e-01,5.000000000000000000e+00,4.000000000000000000e+00
2.072586339777234554e-01,5.000000000000000000e+00,4.000000000000000000e+00
-7.137276156266743055e-01,5.000000000000000000e+00,2.000000000000000000e+00
-3.313426187895420205e-01,1.000000000000000000e+00,4.000000000000000000e+00
-4.819103633403526987e-01,1.000000000000000000e+00,4.000000000000000000e+00
1.362319997962697371e-01,5.000000000000000000e+00,4.000000000000000000e+00
1.291867297842233642e+00,1.000000000000000000e+00,2.000000000000000000e+00
-1.717689026995773971e-01,1.000000000000000000e+00,4.000000000000000000e+00
-1.120619171506729295e+00,5.000000000000000000e+00,4.000000000000000000e+00
3.128702425815244048e-02,5.000000000000000000e+00,2.000000000000000000e+00
-9.441210715923149532e-01,1.000000000000000000e+00,2.000000000000000000e+00
-3.103421358129849761e-01,5.000000000000000000e+00,2.000000000000000000e+00
7.055277495707205082e-01,5.000000000000000000e+00,2.000000000000000000e+00
1.010535069211244474e+00,1.000000000000000000e+00,4.000000000000000000e+00
4.647756091261450728e-01,1.000000000000000000e+00,2.000000000000000000e+00
1.975391594580432619e-01,1.000000000000000000e+00,4.000000000000000000e+00
1.579642098103287706e-01,1.000000000000000000e+00,4.000000000000000000e+00
1.719099774681466242e+00,1.000000000000000000e+00,4.000000000000000000e+00
-1.549690397512891948e+00,5.000000000000000000e+00,4.000000000000000000e+00
5.153361841826336054e-01,1.000000000000000000e+00,4.000000000000000000e+00
1.598997854283036535e+00,1.000000000000000000e+00,2.000000000000000000e+00
1.349660840192035138e+00,5.000000000000000000e+00,4.000000000000000000e+00
1.058702611988940889e+00,1.000000000000000000e+00,2.000000000000000000e+00
7.353812307310834129e-01,5.000000000000000000e+00,2.000000000000000000e+00
1.513383160852005194e+00,1.000000000000000000e+00,2.000000000000000000e+00
-2.836727672018700686e-01,1.000000000000000000e+00,4.000000000000000000e+00
2.023089951980721501e+00,5.000000000000000000e+00,4.000000000000000000e+00
1.019364737970946289e+00,1.000000000000000000e+00,2.000000000000000000e+00
-4.999396664664478018e-02,5.000000000000000000e+00,4.000000000000000000e+00
-4.904429047557298804e-01,1.000000000000000000e+00,4.000000000000000000e+00
3.216441979954055563e-01,1.000000000000000000e+00,4.000000000000000000e+00
6.666411772574674932e-02,5.000000000000000000e+00,2.000000000000000000e+00
-1.056359122293150543e+00,5.000000000000000000e+00,2.000000000000000000e+00
-3.742963876589391892e-01,1.000000000000000000e+00,2.000000000000000000e+00
1.218293003376450967e+00,1.000000000000000000e+00,2.000000000000000000e+00
1.483982727442954841e-01,1.000000000000000000e+00,4.000000000000000000e+00
-1.920563084247564334e-01,5.000000000000000000e+00,4.000000000000000000e+00
9.509591556948612245e-01,5.000000000000000000e+00,4.000000000000000000e+00
4.141828834075977905e-01,1.000000000000000000e+00,2.000000000000000000e+00
-8.994280054191140794e-02,1.000000000000000000e+00,2.000000000000000000e+00
1.215979899539549658e+00,5.000000000000000000e+00,4.000000000000000000e+00
-1.170391907955937283e+00,5.000000000000000000e+00,2.000000000000000000e+00
-8.220709943238353468e-01,1.000000000000000000e+00,4.000000000000000000e+00
-4.467420032382183326e-01,5.000000000000000000e+00,2.000000000000000000e+00
2.967679533333189013e-01,1.000000000000000000e+00,2.000000000000000000e+00
1.423154012306790728e+00,5.000000000000000000e+00,4.000000000000000000e+00
-6.418438592317480262e-01,1.000000000000000000e+00,4.000000000000000000e+00
5.019209031590238235e-01,1.000000000000000000e+00,4.000000000000000000e+00
2.866918212126249088e+00,5.000000000000000000e+00,4.000000000000000000e+00
-9.836481396243048625e-01,1.000000000000000000e+00,4.000000000000000000e+00
3.175889945008169568e-01,1.000000000000000000e+00,2.000000000000000000e+00
4.402639228443865904e-01,1.000000000000000000e+00,2.000000000000000000e+00
1.089583515973165384e-01,1.000000000000000000e+00,4.000000000000000000e+00
-3.542330256152360080e-01,5.000000000000000000e+00,2.000000000000000000e+00
7.546705988186065417e-01,1.000000000000000000e+00,2.000000000000000000e+00
-1.361575919581289096e+00,5.000000000000000000e+00,4.000000000000000000e+00
-1.816133613581939921e+00,5.000000000000000000e+00,2.000000000000000000e+00
-7.486213781361714670e-01,5.000000000000000000e+00,2.000000000000000000e+00
-4.002638037070224697e-01,5.000000000000000000e+00,2.000000000000000000e+00
-1.034804298523608335e+00,1.000000000000000000e+00,4.000000000000000000e+00
1.144006971039447818e+00,5.000000000000000000e+00,2.000000000000000000e+00
9.681172953302694673e-01,1.000000000000000000e+00,2.000000000000000000e+00
6.383830215462307778e-02,5.000000000000000000e+00,4.000000000000000000e+00
-9.935712644412306727e-01,5.000000000000000000e+00,2.000000000000000000e+00
7.786269673161312355e-01,1.000000000000000000e+00,4.000000000000000000e+00
1.942177398223744245e+00,1.000000000000000000e+00,2.000000000000000000e+00
-1.069360162856800855e-01,1.000000000000000000e+00,2.000000000000000000e+00
1.945158695146193439e+00,5.000000000000000000e+00,4.000000000000000000e+00
9.434619966697288529e-01,1.000000000000000000e+00,4.000000000000000000e+00
-6.751617333438614255e-01,5.000000000000000000e+00,2.000000000000000000e+00
-1.088015299862135743e+00,5.000000000000000000e+00,4.000000000000000000e+00
-8.701014312510618742e-01,1.000000000000000000e+00,4.000000000000000000e+00
7.415017263073497844e-02,5.000000000000000000e+00,2.000000000000000000e+00
-1.122071434559233527e+00,5.000000000000000000e+00,2.000000000000000000e+00
3.511935520006000400e-01,5.000000000000000000e+00,2.000000000000000000e+00
6.767119996086874423e-01,1.000000000000000000e+00,2.000000000000000000e+00
7.909814970400123046e-01,5.000000000000000000e+00,2.000000000000000000e+00
-2.613215971856945874e+00,5.000000000000000000e+00,2.000000000000000000e+00
1.945611536028816868e+00,1.000000000000000000e+00,2.000000000000000000e+00
-6.043146897528870465e-01,1.000000000000000000e+00,2.000000000000000000e+00
-7.669563305640321182e-01,5.000000000000000000e+00,2.000000000000000000e+00
2.944085125257156044e+00,5.000000000000000000e+00,4.000000000000000000e+00
4.823249500006444590e-01,1.000000000000000000e+00,2.000000000000000000e+00
9.891419813099877612e-01,5.000000000000000000e+00,4.000000000000000000e+00
1.015816722955594331e+00,5.000000000000000000e+00,4.000000000000000000e+00
